player,team,position,age,club,games,minutes,goals,assists,cards_yellow,cards_red,shots,shots_on_target,goals_per_shot,goals_per_shot_on_target,minutes_per_game,fouls,fouled,offsides,crosses,interceptions,tackles_won,goals_per_90,assist_per_90,cards_per_fouls_per_90,bad_discipline,age_binned
Adil Boulbina,Algeria,FW,23,Unattached,2,19,0,0,0,0,0,0,0.0,0.0,10.0,0,0,1,0,0,0,0.0,0.0,0.0,0.0,21-25
Amine Gouiri,Algeria,FW,26,Marseille,4,251,1,0,0,0,3,2,0.33,0.5,63.0,1,1,0,1,0,1,0.3586,0.0,0.0,0.0,26-30
Anis Hadj Moussa,Algeria,MF,24,Feyenoord,3,98,0,0,0,0,2,0,0.0,0.0,33.0,0,2,0,5,1,0,0.0,0.0,0.0,0.0,21-25
Aïssa Mandi,Algeria,DF,34,Lille,4,360,0,0,0,0,0,0,0.0,0.0,90.0,0,5,0,0,4,3,0.0,0.0,0.0,0.0,31-35
Fares Chaïbi,Algeria,MF,23,Frankfurt,4,360,0,0,1,0,9,3,0.0,0.0,90.0,3,2,1,6,3,5,0.0,0.0,0.25,0.25,21-25
Farés Ghedjemis,Algeria,FW,23,Frosinone,1,1,0,0,0,0,0,0,0.0,0.0,1.0,0,0,0,0,0,0,0.0,0.0,0.0,0.0,21-25
Hicham Boudaoui,Algeria,MF,26,Nice,3,128,0,0,1,0,0,0,0.0,0.0,43.0,4,1,0,1,2,1,0.0,0.0,0.703,0.703,26-30
Houssem Aouar,Algeria,MF,27,Al-Ittihad,3,173,0,2,0,0,3,1,0.0,0.0,58.0,1,2,0,0,0,1,0.0,1.04,0.0,0.0,26-30
Ibrahim Maza,Algeria,MF,20,Leverkusen,4,351,0,0,0,0,11,3,0.0,0.0,88.0,1,5,0,1,0,2,0.0,0.0,0.0,0.0,16-20
Jaouen Hadjam,Algeria,DF,23,Young Boys,3,109,0,0,0,0,1,0,0.0,0.0,36.0,0,0,0,1,1,1,0.0,0.0,0.0,0.0,21-25
Luca Zidane,Algeria,GK,28,Granada,3,270,0,0,0,0,0,0,0.0,0.0,90.0,0,0,0,0,0,0,0.0,0.0,0.0,0.0,26-30
Mohamed Amoura,Algeria,FW,26,Wolfsburg,1,27,0,0,0,0,0,0,0.0,0.0,27.0,1,0,0,0,0,0,0.0,0.0,0.0,0.0,26-30
Nabil Bentaleb,Algeria,MF,31,Lille,4,285,0,0,0,0,1,0,0.0,0.0,71.0,2,3,0,3,3,4,0.0,0.0,0.0,0.0,31-35
Nadhir Benbouali,Algeria,FW,26,Győr,1,45,1,0,0,0,2,2,0.5,0.5,45.0,0,0,0,0,0,1,2.0,0.0,0.0,0.0,26-30
Oussama Benbot,Algeria,GK,31,Unattached,1,90,0,0,0,0,0,0,0.0,0.0,90.0,0,1,0,0,0,0,0.0,0.0,0.0,0.0,31-35
Rafik Belghali,Algeria,DF,24,Hellas Verona,4,331,1,0,0,0,3,1,0.33,1.0,83.0,4,2,0,4,1,3,0.272,0.0,0.0,0.0,21-25
Ramiz Zerrouki,Algeria,MF,28,Twente,3,111,0,0,1,0,0,0,0.0,0.0,37.0,4,0,0,0,2,1,0.0,0.0,0.811,0.811,26-30
Ramy Bensebaini,Algeria,DF,31,Dortmund,4,360,0,0,0,0,2,0,0.0,0.0,90.0,1,5,0,0,7,6,0.0,0.0,0.0,0.0,31-35
Rayan Aït-Nouri,Algeria,DF,25,Manchester City,4,284,0,0,0,0,1,0,0.0,0.0,71.0,6,4,0,8,5,13,0.0,0.0,0.0,0.0,21-25
Riyad Mahrez,Algeria,MF,35,Al-Ahli,4,262,2,1,0,0,6,3,0.33,0.6665,66.0,1,7,1,10,1,2,0.687,0.3435,0.0,0.0,31-35
Samir Chergui,Algeria,DF,27,Paris FC,1,20,0,0,0,0,0,0,0.0,0.0,20.0,0,0,0,0,0,0,0.0,0.0,0.0,0.0,26-30
Zineddine Belaïd,Algeria,DF,27,Unattached,2,25,0,0,0,0,0,0,0.0,0.0,13.0,0,0,1,0,0,0,0.0,0.0,0.0,0.0,26-30
Alexis Mac Allister,Argentina,MF,27,Liverpool,8,750,1,1,1,0,13,4,0.08,0.25,94.0,9,12,0,2,9,12,0.12,0.12,0.12,0.12,26-30
Cristian Romero,Argentina,DF,28,Tottenham,7,608,1,0,2,0,3,1,0.33,1.0,87.0,9,3,0,0,11,10,0.1481,0.0,0.2961,0.2961,26-30
Emiliano Martínez,Argentina,GK,33,Aston Villa,8,810,0,0,0,0,0,0,0.0,0.0,101.0,0,1,0,0,0,0,0.0,0.0,0.0,0.0,31-35
Enzo Fernández,Argentina,MF,25,Chelsea,7,659,2,0,2,1,12,4,0.17,0.5,94.0,12,6,1,5,6,7,0.2732,0.0,0.4097,0.6826,21-25
Exequiel Palacios,Argentina,DF,27,Leverkusen,1,90,0,0,0,0,0,0,0.0,0.0,90.0,1,1,0,0,5,0,0.0,0.0,0.0,0.0,26-30
Facundo Medina,Argentina,DF,27,Marseille,5,308,0,1,1,0,0,0,0.0,0.0,62.0,3,2,1,1,2,7,0.0,0.2922,0.2922,0.2922,26-30
Flaco López,Argentina,FW,25,Palmeiras,2,20,0,1,1,0,1,0,0.0,0.0,10.0,1,0,0,0,0,1,0.0,4.5,4.5,4.5,21-25
Giovani Lo Celso,Argentina,MF,30,Real Betis,1,59,1,0,0,0,1,1,1.0,1.0,59.0,1,1,1,1,1,0,1.525,0.0,0.0,0.0,26-30
Giuliano Simeone,Argentina,FW,23,Atlético Madrid,3,192,0,0,0,0,1,0,0.0,0.0,64.0,9,1,1,2,1,3,0.0,0.0,0.0,0.0,21-25
Gonzalo Montiel,Argentina,DF,29,River Plate,6,192,0,1,1,0,1,0,0.0,0.0,32.0,4,2,0,4,3,3,0.0,0.4688,0.4688,0.4688,26-30
Julián Álvarez,Argentina,FW,26,Atlético Madrid,8,602,1,0,0,0,11,5,0.09,0.2,75.0,11,4,2,2,3,4,0.1495,0.0,0.0,0.0,26-30
Lautaro Martínez,Argentina,FW,28,Inter,7,310,3,1,1,0,10,4,0.2,0.75,44.0,8,5,2,1,1,1,0.871,0.2903,0.2903,0.2903,26-30
Leandro Paredes,Argentina,MF,31,Boca Juniors,7,473,0,0,2,0,4,1,0.0,0.0,68.0,9,3,0,2,5,6,0.0,0.0,0.3806,0.3806,31-35
Lionel Messi,Argentina,FW,38,Inter Miami,8,740,8,4,0,0,35,18,0.23,0.4443,93.0,3,20,5,54,0,10,0.973,0.4866,0.0,0.0,36-40
Lisandro Martínez,Argentina,DF,28,Manchester Utd,7,624,1,1,2,0,4,2,0.25,0.5,89.0,7,4,0,2,6,7,0.1443,0.1443,0.2886,0.2886,26-30
Marcos Senesi,Argentina,DF,29,Bournemouth,2,109,0,0,0,0,1,0,0.0,0.0,55.0,0,3,0,0,2,0,0.0,0.0,0.0,0.0,26-30
Nahuel Molina,Argentina,DF,28,Atlético Madrid,7,528,0,0,0,0,1,0,0.0,0.0,75.0,3,0,1,5,8,3,0.0,0.0,0.0,0.0,26-30
Nicolás González,Argentina,MF,28,Atlético Madrid,7,259,0,1,0,0,7,1,0.0,0.0,37.0,4,3,2,6,1,3,0.0,0.3474,0.0,0.0,26-30
Nicolás Otamendi,Argentina,DF,38,Benfica,7,247,0,0,0,0,1,0,0.0,0.0,35.0,4,4,1,0,6,2,0.0,0.0,0.0,0.0,36-40
Nicolás Paz,Argentina,MF,21,Como,2,71,0,0,0,0,1,0,0.0,0.0,36.0,2,1,0,0,0,2,0.0,0.0,0.0,0.0,21-25
Nicolás Tagliafico,Argentina,DF,33,Lyon,7,476,0,0,0,0,0,0,0.0,0.0,68.0,9,16,2,2,6,4,0.0,0.0,0.0,0.0,31-35
Rodrigo De Paul,Argentina,MF,32,Inter Miami,7,491,0,1,1,0,2,1,0.0,0.0,70.0,2,5,1,14,6,4,0.0,0.1833,0.1833,0.1833,31-35
Thiago Almada,Argentina,MF,25,Atlético Madrid,5,241,0,0,1,0,5,2,0.0,0.0,48.0,2,2,2,1,0,4,0.0,0.0,0.3735,0.3735,21-25
Valentín Barco,Argentina,DF,21,Strasbourg,1,20,0,0,0,0,0,0,0.0,0.0,20.0,0,1,0,0,0,0,0.0,0.0,0.0,0.0,21-25
Aiden O'Neill,Australia,MF,27,NYCFC,4,360,0,0,0,0,2,0,0.0,0.0,90.0,2,8,0,10,2,2,0.0,0.0,0.0,0.0,26-30
Ajdin Hrustic,Australia,MF,29,Heracles Almelo,2,80,0,0,0,0,3,0,0.0,0.0,40.0,1,0,0,5,0,0,0.0,0.0,0.0,0.0,26-30
Alessandro Circati,Australia,DF,22,Parma,4,390,0,0,1,0,3,0,0.0,0.0,98.0,5,4,0,2,2,7,0.0,0.0,0.2307,0.2307,21-25
Awer Mabil,Australia,FW,30,Castellón,1,30,0,0,0,0,1,0,0.0,0.0,30.0,0,1,0,1,0,0,0.0,0.0,0.0,0.0,26-30
Aziz Behich,Australia,MF,35,Melb City,3,217,0,0,0,0,1,1,0.0,0.0,72.0,1,4,0,6,1,4,0.0,0.0,0.0,0.0,31-35
Cameron Burgess,Australia,DF,30,Swansea City,2,135,0,0,0,0,0,0,0.0,0.0,68.0,0,0,0,0,1,1,0.0,0.0,0.0,0.0,26-30
Connor Metcalfe,Australia,MF,26,St Pauli,4,315,1,0,0,0,5,2,0.2,0.5,79.0,1,0,0,8,2,5,0.2856,0.0,0.0,0.0,26-30
Cristian Volpato,Australia,MF,22,Sassuolo,3,160,0,0,0,0,4,1,0.0,0.0,53.0,1,2,0,11,0,1,0.0,0.0,0.0,0.0,21-25
Harry Souttar,Australia,DF,27,Leicester City,4,390,0,0,1,0,1,1,0.0,0.0,98.0,8,1,0,0,4,0,0.0,0.0,0.2307,0.2307,26-30
Jackson Irvine,Australia,MF,33,St Pauli,4,223,0,0,1,0,3,1,0.0,0.0,56.0,3,3,0,2,1,1,0.0,0.0,0.4036,0.4036,31-35
Jacob Italiano,Australia,DF,24,Grazer AK,2,163,0,0,1,0,1,0,0.0,0.0,82.0,0,0,0,8,1,2,0.0,0.0,0.5522,0.5522,21-25
Jason Geria,Australia,DF,33,Albirex Niigata,2,62,0,0,0,0,0,0,0.0,0.0,31.0,2,0,0,1,2,1,0.0,0.0,0.0,0.0,31-35
Jordy Bos,Australia,MF,23,Feyenoord,4,308,0,0,1,0,5,2,0.0,0.0,77.0,4,4,0,8,3,3,0.0,0.0,0.2922,0.2922,21-25
Kai Trewin,Australia,DF,25,NYCFC,1,75,0,0,0,0,1,0,0.0,0.0,75.0,0,1,0,2,2,0,0.0,0.0,0.0,0.0,21-25
Lucas Herrington,Australia,DF,18,Colorado Rapids,2,210,0,0,0,0,0,0,0.0,0.0,105.0,2,0,0,0,2,1,0.0,0.0,0.0,0.0,16-20
Mathew Leckie,Australia,MF,35,Melb City,1,60,0,0,0,0,1,0,0.0,0.0,60.0,1,1,0,1,0,0,0.0,0.0,0.0,0.0,31-35
Mathew Ryan,Australia,GK,34,Levante,1,2,0,0,0,0,0,0,0.0,0.0,2.0,0,0,0,0,0,0,0.0,0.0,0.0,0.0,31-35
Mo Touré,Australia,FW,22,Norwich City,3,165,0,0,0,0,4,1,0.0,0.0,55.0,4,2,1,1,0,1,0.0,0.0,0.0,0.0,21-25
Nestory Irankunda,Australia,FW,20,Watford,4,261,1,0,0,0,6,2,0.17,0.5,65.0,4,5,0,1,1,0,0.3447,0.0,0.0,0.0,16-20
Nishan Velupillay,Australia,MF,25,Melb. Victory,2,75,0,0,0,0,0,0,0.0,0.0,38.0,1,0,0,0,0,1,0.0,0.0,0.0,0.0,21-25
Patrick Beach,Australia,GK,22,Melb City,4,388,0,0,0,0,0,0,0.0,0.0,97.0,0,0,0,0,0,0,0.0,0.0,0.0,0.0,21-25
Paul Okon-Engstler,Australia,MF,21,Sydney FC,4,197,0,1,0,0,0,0,0.0,0.0,49.0,3,2,0,2,5,2,0.0,0.4568,0.0,0.0,21-25
Tete Yengi,Australia,FW,25,Machida Zelvia,2,24,0,0,0,0,1,1,0.0,0.0,12.0,3,0,0,1,0,2,0.0,0.0,0.0,0.0,21-25
Alexander Prass,Austria,DF,25,Hoffenheim,2,29,0,0,0,0,0,0,0.0,0.0,15.0,0,0,0,3,0,0,0.0,0.0,0.0,0.0,21-25
Alexander Schlager,Austria,GK,30,RB Salzburg,4,360,0,0,0,0,0,0,0.0,0.0,90.0,0,1,0,0,0,0,0.0,0.0,0.0,0.0,26-30
Carney Chukwuemeka,Austria,MF,22,Dortmund,3,83,0,0,0,0,2,1,0.0,0.0,28.0,2,2,0,0,0,0,0.0,0.0,0.0,0.0,21-25
David Alaba,Austria,DF,33,Real Madrid,4,275,0,1,0,0,2,0,0.0,0.0,69.0,2,0,0,1,4,1,0.0,0.3274,0.0,0.0,31-35
Florian Grillitsch,Austria,DF,30,Braga,2,90,0,0,0,0,0,0,0.0,0.0,45.0,3,1,0,1,0,1,0.0,0.0,0.0,0.0,26-30
Kevin Danso,Austria,DF,27,Tottenham,4,241,0,0,0,0,1,0,0.0,0.0,60.0,1,2,0,1,0,1,0.0,0.0,0.0,0.0,26-30
Konrad Laimer,Austria,MF,29,Bayern Munich,4,360,0,1,1,0,1,0,0.0,0.0,90.0,6,3,3,4,2,6,0.0,0.25,0.25,0.25,26-30
Marcel Sabitzer,Austria,MF,32,Dortmund,4,360,1,0,1,0,5,2,0.2,0.5,90.0,2,3,1,31,6,2,0.25,0.0,0.25,0.25,31-35
Marco Friedl,Austria,DF,28,Werder Bremen,1,24,0,0,0,0,0,0,0.0,0.0,24.0,0,0,0,0,0,0,0.0,0.0,0.0,0.0,26-30
Marko Arnautović,Austria,FW,37,Red Star,4,144,2,0,1,0,3,3,0.33,0.6665,36.0,3,1,5,0,0,0,1.25,0.0,0.625,0.625,36-40
Michael Gregoritsch,Austria,FW,32,Augsburg,3,188,0,1,0,0,1,0,0.0,0.0,63.0,1,1,2,0,0,0,0.0,0.4788,0.0,0.0,31-35
Nicolas Seiwald,Austria,MF,25,RB Leipzig,4,315,0,0,0,0,3,0,0.0,0.0,79.0,1,1,0,3,4,5,0.0,0.0,0.0,0.0,21-25
Patrick Wimmer,Austria,FW,25,Wolfsburg,2,21,0,0,0,0,1,0,0.0,0.0,11.0,3,1,0,0,2,0,0.0,0.0,0.0,0.0,21-25
Paul Wanner,Austria,MF,20,PSV,4,234,0,0,0,0,1,0,0.0,0.0,59.0,4,2,0,1,2,1,0.0,0.0,0.0,0.0,16-20
Philipp Lienhart,Austria,DF,29,Freiburg,2,180,0,0,0,0,1,0,0.0,0.0,90.0,0,0,0,0,1,1,0.0,0.0,0.0,0.0,26-30
Phillipp Mwene,Austria,DF,32,Mainz 05,2,147,0,0,0,0,1,0,0.0,0.0,74.0,1,1,0,6,3,0,0.0,0.0,0.0,0.0,31-35
Romano Schmid,Austria,MF,26,Werder Bremen,4,263,1,0,0,0,2,1,0.5,1.0,66.0,3,4,0,3,0,4,0.3423,0.0,0.0,0.0,26-30
Saša Kalajdžić,Austria,FW,28,LASK,3,77,1,0,0,0,4,1,0.25,1.0,26.0,2,2,0,1,0,0,1.169,0.0,0.0,0.0,26-30
Stefan Posch,Austria,DF,29,Mainz 05,4,331,0,0,2,0,3,0,0.0,0.0,83.0,7,3,0,3,10,4,0.0,0.0,0.544,0.544,26-30
Xaver Schlager,Austria,MF,28,RB Leipzig,4,238,0,1,0,0,1,0,0.0,0.0,60.0,6,0,0,1,7,3,0.0,0.3782,0.0,0.0,26-30
Alexis Saelemaekers,Belgium,MF,26,Milan,4,83,1,0,0,0,4,1,0.25,1.0,21.0,0,2,2,1,0,2,1.084,0.0,0.0,0.0,26-30
Amadou Onana,Belgium,MF,24,Aston Villa,4,106,0,0,0,0,2,0,0.0,0.0,27.0,1,3,0,0,2,2,0.0,0.0,0.0,0.0,21-25
Arthur Theate,Belgium,DF,26,Frankfurt,3,228,0,0,0,0,5,1,0.0,0.0,76.0,1,0,0,0,3,0,0.0,0.0,0.0,0.0,26-30
Axel Witsel,Belgium,DF,37,Girona,2,33,0,0,1,0,0,0,0.0,0.0,17.0,2,1,0,0,0,0,0.0,0.0,2.727,2.727,36-40
Brandon Mechele,Belgium,DF,33,Club Brugge,6,570,0,0,1,0,5,1,0.0,0.0,95.0,9,2,0,0,4,4,0.0,0.0,0.1578,0.1578,31-35
Charles De Ketelaere,Belgium,FW,25,Atalanta,5,350,3,1,0,0,6,5,0.5,0.6,70.0,2,3,2,3,5,4,0.7715,0.257,0.0,0.0,21-25
Diego Moreira,Belgium,MF,21,Strasbourg,1,58,0,0,0,0,0,0,0.0,0.0,58.0,2,1,1,5,1,1,0.0,0.0,0.0,0.0,21-25
Dodi Lukebakio,Belgium,MF,28,Benfica,3,164,0,0,0,0,7,1,0.0,0.0,55.0,1,2,0,6,0,1,0.0,0.0,0.0,0.0,26-30
Hans Vanaken,Belgium,MF,33,Club Brugge,6,319,1,2,0,0,5,1,0.2,1.0,53.0,0,6,0,2,1,1,0.2822,0.5645,0.0,0.0,31-35
Jeremy Doku,Belgium,MF,24,Manchester City,5,309,0,0,0,0,3,1,0.0,0.0,62.0,4,18,0,6,3,1,0.0,0.0,0.0,0.0,21-25
Joaquin Seys,Belgium,DF,21,Club Brugge,1,30,0,0,0,0,0,0,0.0,0.0,30.0,0,0,0,0,0,1,0.0,0.0,0.0,0.0,21-25
Kevin De Bruyne,Belgium,MF,34,Napoli,5,382,1,0,1,0,20,5,0.05,0.2,76.0,2,4,0,21,0,2,0.2356,0.0,0.2356,0.2356,31-35
Leandro Trossard,Belgium,MF,31,Arsenal,6,506,2,2,0,0,17,3,0.12,0.6665,84.0,4,8,1,7,4,1,0.3557,0.3557,0.0,0.0,31-35
Matias Fernandez-Pardo,Belgium,FW,21,Lille,3,44,0,0,0,0,3,0,0.0,0.0,15.0,0,0,0,2,0,1,0.0,0.0,0.0,0.0,21-25
Maxim De Cuyper,Belgium,DF,25,Brighton,6,442,0,0,1,0,10,6,0.0,0.0,74.0,7,2,0,12,6,2,0.0,0.0,0.2036,0.2036,21-25
Nathan Ngoy,Belgium,DF,23,Lille,4,335,0,0,0,1,1,0,0.0,0.0,84.0,6,1,0,0,7,4,0.0,0.0,0.2686,0.806,21-25
Nicolas Raskin,Belgium,MF,25,Rangers,6,341,0,2,0,0,2,1,0.0,0.0,57.0,12,3,0,7,2,5,0.0,0.528,0.0,0.0,21-25
Romelu Lukaku,Belgium,FW,33,Napoli,6,233,3,1,1,0,6,3,0.5,1.0,39.0,2,0,1,0,0,0,1.159,0.3862,0.3862,0.3862,31-35
Senne Lammens,Belgium,GK,23,Manchester Utd,1,20,0,0,0,0,0,0,0.0,0.0,20.0,0,0,0,0,0,0,0.0,0.0,0.0,0.0,21-25
Thibaut Courtois,Belgium,GK,34,Real Madrid,6,550,0,0,0,0,0,0,0.0,0.0,92.0,0,0,0,0,0,0,0.0,0.0,0.0,0.0,31-35
Thomas Meunier,Belgium,DF,34,Lille,3,190,0,1,0,0,2,1,0.0,0.0,63.0,9,0,0,7,2,2,0.0,0.4736,0.0,0.0,31-35
Timothy Castagne,Belgium,DF,30,Fulham,6,478,0,1,1,0,3,1,0.0,0.0,80.0,7,2,0,20,8,7,0.0,0.1882,0.1882,0.1882,26-30
Youri Tielemans,Belgium,MF,29,Aston Villa,5,474,2,0,0,0,11,3,0.09,0.6665,95.0,7,10,1,15,2,6,0.3796,0.0,0.0,0.0,26-30
Amar Dedić,Bosnia–Herz,DF,23,Benfica,3,270,0,0,1,0,2,1,0.0,0.0,90.0,6,3,0,0,1,7,0.0,0.0,0.3333,0.3333,21-25
Amar Memić,Bosnia–Herz,MF,25,Viktoria Plzeň,4,224,0,0,0,0,3,1,0.0,0.0,56.0,4,3,0,5,2,2,0.0,0.0,0.0,0.0,21-25
Amir Hadžiahmetović,Bosnia–Herz,MF,29,Hull City,1,6,0,0,0,0,0,0,0.0,0.0,6.0,0,0,0,1,0,0,0.0,0.0,0.0,0.0,26-30
Arjan Malic,Bosnia–Herz,DF,20,Sturm Graz,1,45,0,0,0,0,0,0,0.0,0.0,45.0,1,1,0,2,0,0,0.0,0.0,0.0,0.0,16-20
Armin Gigovic,Bosnia–Herz,MF,24,Young Boys,2,79,0,0,0,0,0,0,0.0,0.0,40.0,0,2,0,0,2,1,0.0,0.0,0.0,0.0,21-25
Benjamin Tahirovic,Bosnia–Herz,MF,23,Brøndby,4,237,0,0,0,0,1,0,0.0,0.0,59.0,3,2,0,2,4,4,0.0,0.0,0.0,0.0,21-25
Dennis Hadžikadunić,Bosnia–Herz,DF,27,Sampdoria,1,27,0,1,0,0,0,0,0.0,0.0,27.0,1,0,0,0,0,2,0.0,3.334,0.0,0.0,26-30
Dženis Burnić,Bosnia–Herz,MF,28,Karlsruher,2,16,0,0,0,0,1,0,0.0,0.0,8.0,0,0,0,0,0,0,0.0,0.0,0.0,0.0,26-30
Edin Džeko,Bosnia–Herz,FW,40,Schalke 04,3,176,0,0,1,0,3,0,0.0,0.0,59.0,1,2,0,0,1,0,0.0,0.0,0.511,0.511,36-40
Ermedin Demirović,Bosnia–Herz,FW,28,Stuttgart,4,354,0,0,1,0,4,4,0.0,0.0,89.0,11,3,1,0,1,1,0.0,0.0,0.2542,0.2542,26-30
Ermin Mahmić,Bosnia–Herz,MF,21,Slovan Liberec,3,68,2,0,1,0,4,2,0.5,1.0,23.0,1,1,0,1,0,1,2.646,0.0,1.323,1.323,21-25
Esmir Bajraktarevic,Bosnia–Herz,MF,21,PSV,4,230,0,0,0,0,3,2,0.0,0.0,58.0,1,2,0,8,3,0,0.0,0.0,0.0,0.0,21-25
Haris Tabaković,Bosnia–Herz,FW,31,Schalke 04,1,16,0,0,0,0,0,0,0.0,0.0,16.0,0,0,0,0,0,0,0.0,0.0,0.0,0.0,31-35
Ivan Bašić,Bosnia–Herz,MF,24,Unattached,3,179,0,1,0,0,4,0,0.0,0.0,60.0,2,3,0,12,3,1,0.0,0.503,0.0,0.0,21-25
Ivan Šunjić,Bosnia–Herz,MF,29,Unattached,4,196,0,0,0,0,1,1,0.0,0.0,49.0,7,0,0,1,0,3,0.0,0.0,0.0,0.0,26-30
Jovo Lukić,Bosnia–Herz,FW,27,Univ. Cluj,2,67,1,0,1,0,3,2,0.33,0.5,34.0,1,0,0,0,0,1,1.344,0.0,1.344,1.344,26-30
Kerim Alajbegović,Bosnia–Herz,MF,18,RB Salzburg,4,277,1,0,0,0,4,1,0.25,1.0,69.0,4,6,1,15,2,0,0.325,0.0,0.0,0.0,16-20
Nikola Katić,Bosnia–Herz,DF,29,Schalke 04,4,317,0,0,1,0,2,0,0.0,0.0,79.0,4,0,0,0,5,6,0.0,0.0,0.284,0.284,26-30
Nikola Vasilj,Bosnia–Herz,GK,30,St Pauli,4,360,0,0,0,0,0,0,0.0,0.0,90.0,0,0,0,0,0,0,0.0,0.0,0.0,0.0,26-30
Samed Baždar,Bosnia–Herz,FW,22,Gladbach,1,29,0,0,0,0,0,0,0.0,0.0,29.0,1,1,0,0,0,0,0.0,0.0,0.0,0.0,21-25
Sead Kolašinac,Bosnia–Herz,DF,32,Atalanta,4,337,0,1,0,0,0,0,0.0,0.0,84.0,6,4,0,9,2,6,0.0,0.267,0.0,0.0,31-35
Stjepan Radeljić,Bosnia–Herz,DF,28,Rijeka,2,180,0,0,1,0,1,0,0.0,0.0,90.0,1,3,0,0,0,1,0.0,0.0,0.5,0.5,26-30
Tarik Muharemovic,Bosnia–Herz,DF,23,Sassuolo,3,259,0,0,0,1,1,0,0.0,0.0,86.0,5,2,0,1,8,1,0.0,0.0,0.3474,1.042,21-25
Alex Sandro,Brazil,DF,35,Flamengo,1,9,0,0,0,0,0,0,0.0,0.0,9.0,1,0,0,0,0,0,0.0,0.0,0.0,0.0,31-35
Alisson,Brazil,GK,33,Liverpool,5,450,0,0,0,0,0,0,0.0,0.0,90.0,0,0,0,0,0,0,0.0,0.0,0.0,0.0,31-35
Bruno Guimarães,Brazil,MF,28,Newcastle,5,416,0,4,0,0,8,2,0.0,0.0,83.0,4,7,0,16,2,6,0.0,0.865,0.0,0.0,26-30
Casemiro,Brazil,MF,34,Manchester Utd,5,379,1,0,2,0,4,2,0.25,0.5,76.0,6,6,0,5,6,5,0.2374,0.0,0.4749,0.4749,31-35
Danilo,Brazil,DF,34,Flamengo,5,405,0,0,2,0,1,0,0.0,0.0,81.0,7,1,1,10,7,2,0.0,0.0,0.4443,0.4443,31-35
Danilo Santos,Brazil,MF,25,Botafogo–RJ,4,46,0,0,0,0,2,1,0.0,0.0,12.0,0,0,0,0,1,2,0.0,0.0,0.0,0.0,21-25
Douglas Santos,Brazil,DF,32,Zenit,5,441,0,0,1,0,2,0,0.0,0.0,88.0,3,2,1,6,6,10,0.0,0.0,0.2041,0.2041,31-35
Endrick,Brazil,FW,19,Lyon,4,114,0,0,0,0,3,0,0.0,0.0,29.0,1,1,1,0,1,1,0.0,0.0,0.0,0.0,16-20
Fabinho,Brazil,DF,32,Al-Ittihad,3,71,0,0,1,0,1,0,0.0,0.0,24.0,4,0,0,0,2,1,0.0,0.0,1.268,1.268,31-35
Gabriel Magalhães,Brazil,DF,28,Arsenal,5,450,0,1,0,0,1,0,0.0,0.0,90.0,1,3,0,3,4,2,0.0,0.2,0.0,0.0,26-30
Gabriel Martinelli,Brazil,MF,24,Arsenal,4,143,1,0,0,0,2,1,0.5,1.0,36.0,4,3,0,2,2,0,0.6294,0.0,0.0,0.0,21-25
Igor Thiago,Brazil,FW,24,Brentford,1,61,0,0,0,0,2,1,0.0,0.0,61.0,2,0,0,0,0,1,0.0,0.0,0.0,0.0,21-25
Lucas Paquetá,Brazil,MF,28,Flamengo,4,233,0,1,0,0,5,1,0.0,0.0,58.0,3,6,0,5,5,4,0.0,0.3862,0.0,0.0,26-30
Luiz Henrique,Brazil,FW,25,Zenit,1,29,0,0,0,0,0,0,0.0,0.0,29.0,0,1,0,0,0,0,0.0,0.0,0.0,0.0,21-25
Marquinhos,Brazil,DF,32,PSG,5,450,0,0,0,0,2,0,0.0,0.0,90.0,0,2,1,1,3,2,0.0,0.0,0.0,0.0,31-35
Matheus Cunha,Brazil,FW,27,Manchester Utd,5,290,3,0,0,0,11,5,0.27,0.6,58.0,1,3,1,4,3,3,0.931,0.0,0.0,0.0,26-30
Neymar,Brazil,FW,34,Santos,2,39,1,0,1,0,3,2,0.0,0.5,20.0,1,1,0,7,0,0,2.309,0.0,2.309,2.309,31-35
Raphinha,Brazil,MF,29,Barcelona,2,129,0,0,0,0,3,2,0.0,0.0,65.0,1,2,2,9,0,0,0.0,0.0,0.0,0.0,26-30
Rayan,Brazil,FW,19,Bournemouth,4,288,0,1,0,0,5,2,0.0,0.0,72.0,5,4,1,11,3,4,0.0,0.3125,0.0,0.0,16-20
Roger Ibanez,Brazil,DF,27,Al-Ahli,1,45,0,0,1,0,0,0,0.0,0.0,45.0,2,1,0,0,1,2,0.0,0.0,2.0,2.0,26-30
Vinicius Júnior,Brazil,FW,25,Real Madrid,5,440,4,1,0,0,17,11,0.24,0.3635,88.0,4,10,3,12,1,1,0.8184,0.2046,0.0,0.0,21-25
Éderson Silva,Brazil,MF,26,Atalanta,2,22,0,0,0,0,2,0,0.0,0.0,11.0,1,0,0,2,1,0,0.0,0.0,0.0,0.0,26-30
Dailon Livramento,Cabo Verde,FW,25,Casa Pia,3,174,0,0,0,0,1,0,0.0,0.0,58.0,1,1,2,2,0,0,0.0,0.0,0.0,0.0,21-25
Deroy Duarte,Cabo Verde,MF,26,Ludogorets,4,264,1,0,0,0,3,2,0.33,0.5,66.0,4,1,0,1,6,5,0.3408,0.0,0.0,0.0,26-30
Diney,Cabo Verde,DF,31,Unattached,4,390,0,0,1,0,4,2,0.0,0.0,98.0,2,0,0,0,4,7,0.0,0.0,0.2307,0.2307,31-35
Garry Rodrigues,Cabo Verde,MF,35,Unattached,2,76,0,0,0,0,1,0,0.0,0.0,38.0,0,0,2,2,1,2,0.0,0.0,0.0,0.0,31-35
Gilson Benchimol,Cabo Verde,FW,24,Akron Tolyatti,2,78,0,0,0,0,0,0,0.0,0.0,39.0,0,1,0,0,0,0,0.0,0.0,0.0,0.0,21-25
Hélio Varela,Cabo Verde,FW,24,Unattached,3,104,1,0,0,0,3,1,0.33,1.0,35.0,1,2,1,1,0,0,0.865,0.0,0.0,0.0,21-25
Jamiro Monteiro,Cabo Verde,MF,32,Zwolle,4,281,0,0,0,0,5,1,0.0,0.0,70.0,4,2,0,7,4,4,0.0,0.0,0.0,0.0,31-35
Jovane Cabral,Cabo Verde,FW,28,Estrela,2,139,0,0,0,0,2,0,0.0,0.0,70.0,1,2,0,1,1,3,0.0,0.0,0.0,0.0,26-30
João Paulo Fernandes,Cabo Verde,DF,28,FCSB,2,105,0,0,0,0,2,0,0.0,0.0,53.0,0,4,0,5,6,1,0.0,0.0,0.0,0.0,26-30
Kevin Pina,Cabo Verde,MF,29,Krasnodar,4,349,1,0,1,0,5,1,0.2,1.0,87.0,5,3,0,2,3,7,0.2578,0.0,0.2578,0.2578,26-30
Laros Duarte,Cabo Verde,MF,29,Puskás Akad.,4,166,0,0,0,0,3,3,0.0,0.0,42.0,0,2,0,2,2,1,0.0,0.0,0.0,0.0,26-30
Nuno da Costa,Cabo Verde,FW,35,Başakşehir,4,159,0,0,0,0,1,0,0.0,0.0,40.0,0,3,0,1,1,2,0.0,0.0,0.0,0.0,31-35
Pico,Cabo Verde,DF,33,Shamrock,4,390,0,0,0,0,2,0,0.0,0.0,98.0,0,3,0,0,7,5,0.0,0.0,0.0,0.0,31-35
Ryan Mendes,Cabo Verde,FW,36,Unattached,4,330,0,1,0,0,6,0,0.0,0.0,83.0,1,2,2,3,5,2,0.0,0.2727,0.0,0.0,36-40
Sidny Lopes Cabral,Cabo Verde,DF,23,Benfica,3,285,1,0,2,0,4,2,0.25,0.5,95.0,2,9,0,12,4,2,0.3157,0.0,0.6313,0.6313,21-25
Steven Moreira,Cabo Verde,DF,31,Columbus Crew,4,301,0,0,0,0,2,0,0.0,0.0,75.0,0,2,0,4,2,3,0.0,0.0,0.0,0.0,31-35
Telmo Arcanjo,Cabo Verde,MF,24,Vit. Guimarães,2,57,0,0,0,0,0,0,0.0,0.0,29.0,0,1,0,1,0,0,0.0,0.0,0.0,0.0,21-25
Vozinha,Cabo Verde,GK,40,Unattached,4,390,0,0,0,0,0,0,0.0,0.0,98.0,0,3,0,0,0,0,0.0,0.0,0.0,0.0,36-40
Wagner Pina,Cabo Verde,DF,23,Trabzonspor,1,89,0,0,1,0,1,0,0.0,0.0,89.0,1,3,0,2,1,0,0.0,0.0,1.012,1.012,21-25
Willy Semedo,Cabo Verde,FW,32,Unattached,3,131,0,0,0,0,3,0,0.0,0.0,44.0,4,2,0,2,3,0,0.0,0.0,0.0,0.0,31-35
Yannick,Cabo Verde,MF,30,Unattached,2,32,0,1,0,0,1,0,0.0,0.0,16.0,1,1,0,2,2,1,0.0,2.812,0.0,0.0,26-30
Ali Ahmed,Canada,MF,25,Norwich City,4,234,0,0,0,0,2,1,0.0,0.0,59.0,1,5,0,13,3,2,0.0,0.0,0.0,0.0,21-25
Alistair Johnston,Canada,DF,27,Celtic,5,450,0,0,1,0,5,2,0.0,0.0,90.0,5,4,0,19,6,2,0.0,0.0,0.2,0.2,26-30
Alphonso Davies,Canada,DF,25,Bayern Munich,1,16,0,0,0,0,0,0,0.0,0.0,16.0,0,0,0,0,0,0,0.0,0.0,0.0,0.0,21-25
Cyle Larin,Canada,FW,31,Mallorca,4,190,2,0,2,0,9,4,0.22,0.5,48.0,5,1,3,0,0,0,0.9473,0.0,0.9473,0.9473,31-35
Derek Cornelius,Canada,DF,28,Marseille,4,315,0,0,1,0,5,1,0.0,0.0,79.0,4,3,0,1,2,3,0.0,0.0,0.2856,0.2856,26-30
Ismaël Koné,Canada,MF,23,Sassuolo,2,146,0,0,0,0,2,0,0.0,0.0,73.0,1,3,0,3,3,2,0.0,0.0,0.0,0.0,21-25
Jacob Shaffelburg,Canada,MF,26,LAFC,5,92,0,0,0,0,3,0,0.0,0.0,18.0,2,1,0,18,2,1,0.0,0.0,0.0,0.0,26-30
Jayden Nelson,Canada,FW,23,Austin FC,1,4,0,0,0,0,1,0,0.0,0.0,4.0,0,0,0,2,0,0,0.0,0.0,0.0,0.0,21-25
Jonathan David,Canada,FW,26,Juventus,5,420,3,0,1,0,18,8,0.17,0.375,84.0,5,5,0,3,3,1,0.643,0.0,0.2142,0.2142,26-30
Jonathan Osorio,Canada,MF,34,Toronto FC,2,5,0,0,0,0,1,0,0.0,0.0,3.0,0,1,0,0,1,0,0.0,0.0,0.0,0.0,31-35
Liam Millar,Canada,MF,26,Hull City,3,162,0,0,1,0,1,0,0.0,0.0,54.0,3,1,0,10,0,4,0.0,0.0,0.5557,0.5557,26-30
Luc De Fougerolles,Canada,DF,20,Fulham,5,372,0,0,2,0,3,1,0.0,0.0,74.0,8,8,0,1,2,6,0.0,0.0,0.484,0.484,16-20
Mathieu Choinière,Canada,MF,27,LAFC,1,57,0,0,0,0,0,0,0.0,0.0,57.0,1,1,0,4,2,1,0.0,0.0,0.0,0.0,26-30
Maxime Crépeau,Canada,GK,32,Orlando City,5,450,0,0,0,0,0,0,0.0,0.0,90.0,1,1,0,0,0,1,0.0,0.0,0.0,0.0,31-35
Moïse Bombito,Canada,DF,26,Nice,3,193,0,0,0,0,1,1,0.0,0.0,64.0,2,0,0,0,1,0,0.0,0.0,0.0,0.0,26-30
Nathan Saliba,Canada,MF,22,Anderlecht,3,182,1,2,1,0,3,1,0.33,1.0,61.0,5,2,0,2,4,4,0.4944,0.989,0.4944,0.4944,21-25
Niko Sigur,Canada,MF,22,Hajduk Split,3,126,0,0,1,0,1,0,0.0,0.0,42.0,5,1,0,5,0,1,0.0,0.0,0.7144,0.7144,21-25
Promise David,Canada,FW,24,Union SG,4,80,1,1,0,0,5,3,0.2,0.3333,20.0,4,2,0,0,1,1,1.125,1.125,0.0,0.0,21-25
Richie Laryea,Canada,DF,31,Toronto FC,5,429,0,0,1,0,2,1,0.0,0.0,86.0,8,14,1,2,2,9,0.0,0.0,0.2098,0.2098,31-35
Stephen Eustáquio,Canada,MF,29,Porto,5,392,1,0,0,0,4,1,0.25,1.0,78.0,2,7,0,45,3,5,0.2296,0.0,0.0,0.0,26-30
Tajon Buchanan,Canada,MF,27,Villarreal,5,376,0,0,0,0,6,3,0.0,0.0,75.0,5,8,2,16,1,5,0.0,0.0,0.0,0.0,26-30
Tani Oluwaseyi,Canada,FW,26,Villarreal,5,259,0,0,0,0,8,4,0.0,0.0,52.0,5,5,1,2,0,3,0.0,0.0,0.0,0.0,26-30
Andrés Gómez,Colombia,MF,23,Vasco da Gama,1,1,0,0,0,0,0,0,0.0,0.0,1.0,0,0,0,0,1,0,0.0,0.0,0.0,0.0,21-25
Camilo Vargas,Colombia,GK,37,Atlas,5,480,0,0,0,0,0,0,0.0,0.0,96.0,0,0,0,0,0,0,0.0,0.0,0.0,0.0,36-40
Cucho,Colombia,FW,27,Real Betis,2,50,0,1,0,0,1,0,0.0,0.0,25.0,0,1,0,1,0,0,0.0,1.8,0.0,0.0,26-30
Daniel Muñoz,Colombia,DF,30,Crystal Palace,5,394,2,0,0,0,3,2,0.67,1.0,79.0,9,1,3,8,7,3,0.4568,0.0,0.0,0.0,26-30
Davinson Sánchez,Colombia,DF,30,Galatasaray,5,480,0,0,1,0,6,2,0.0,0.0,96.0,6,5,1,0,6,2,0.0,0.0,0.1875,0.1875,26-30
Deiver Machado,Colombia,DF,32,Nantes,1,90,0,0,0,0,0,0,0.0,0.0,90.0,1,2,0,1,2,0,0.0,0.0,0.0,0.0,31-35
Gustavo Puerta,Colombia,MF,22,Racing Sant,5,469,0,1,1,0,14,5,0.0,0.0,94.0,9,8,0,2,3,3,0.0,0.1919,0.1919,0.1919,21-25
James Rodríguez,Colombia,FW,34,Minnesota Utd,5,313,0,0,0,0,6,3,0.0,0.0,63.0,0,5,0,18,1,1,0.0,0.0,0.0,0.0,31-35
Jaminton Campaz,Colombia,FW,26,Rosario Central,3,75,1,0,0,0,6,3,0.17,0.3333,25.0,2,3,2,2,0,1,1.2,0.0,0.0,0.0,26-30
Jefferson Lerma,Colombia,MF,31,Crystal Palace,5,410,0,0,1,0,5,1,0.0,0.0,82.0,6,5,0,1,5,1,0.0,0.0,0.2195,0.2195,31-35
Jhon Arias,Colombia,MF,28,Palmeiras,5,377,1,0,1,0,9,4,0.11,0.25,75.0,5,2,0,5,2,9,0.2388,0.0,0.2388,0.2388,26-30
Jhon Córdoba,Colombia,FW,33,Krasnodar,3,99,0,0,0,0,2,1,0.0,0.0,33.0,1,2,2,0,0,0,0.0,0.0,0.0,0.0,31-35
Jhon Lucumí,Colombia,DF,27,Bologna,5,478,0,0,1,0,2,0,0.0,0.0,96.0,5,0,0,0,5,2,0.0,0.0,0.1882,0.1882,26-30
Johan Mojica,Colombia,DF,33,Mallorca,4,390,0,0,1,0,3,2,0.0,0.0,98.0,1,7,1,11,3,3,0.0,0.0,0.2307,0.2307,31-35
Juan Quintero,Colombia,FW,33,River Plate,4,121,0,1,0,0,4,0,0.0,0.0,30.0,0,1,0,12,0,0,0.0,0.7437,0.0,0.0,31-35
Kevin Castaño,Colombia,MF,25,River Plate,2,16,0,0,0,0,0,0,0.0,0.0,8.0,0,0,0,0,0,0,0.0,0.0,0.0,0.0,21-25
Luis Díaz,Colombia,FW,29,Bayern Munich,5,478,1,1,0,0,19,6,0.05,0.1666,96.0,7,9,9,4,1,0,0.1882,0.1882,0.0,0.0,26-30
Luis Suárez,Colombia,FW,28,Sporting CP,5,331,0,1,1,0,9,0,0.0,0.0,66.0,7,8,1,2,0,4,0.0,0.272,0.272,0.272,26-30
Richard Ríos,Colombia,MF,26,Benfica,5,140,0,0,1,0,5,1,0.0,0.0,28.0,10,4,0,1,1,2,0.0,0.0,0.643,0.643,26-30
Santiago Arias,Colombia,DF,34,Independiente,1,86,0,0,0,0,0,0,0.0,0.0,86.0,1,0,0,2,1,2,0.0,0.0,0.0,0.0,31-35
Yerry Mina,Colombia,DF,31,Cagliari,1,2,0,0,0,0,0,0,0.0,0.0,2.0,0,1,0,0,0,0,0.0,0.0,0.0,0.0,31-35
Aaron Wan-Bissaka,Congo DR,DF,28,West Ham,4,354,0,0,0,0,0,0,0.0,0.0,89.0,1,1,1,6,7,4,0.0,0.0,0.0,0.0,26-30
Arthur Masuaku,Congo DR,DF,32,Lens,4,315,0,1,0,0,0,0,0.0,0.0,79.0,0,4,0,12,0,5,0.0,0.2856,0.0,0.0,31-35
Axel Tuanzebe,Congo DR,DF,28,Burnley,4,360,0,0,0,0,0,0,0.0,0.0,90.0,3,3,0,0,1,2,0.0,0.0,0.0,0.0,26-30
Brian Cipenga,Congo DR,MF,28,Castellón,2,146,1,0,0,0,6,1,0.17,1.0,73.0,2,1,1,9,0,2,0.616,0.0,0.0,0.0,26-30
Chancel Mbemba,Congo DR,DF,31,Lille,4,360,0,1,1,0,1,0,0.0,0.0,90.0,1,3,0,4,1,3,0.0,0.25,0.25,0.25,31-35
Charles Pickel,Congo DR,DF,29,Espanyol,2,35,0,0,1,0,1,0,0.0,0.0,18.0,2,1,0,0,0,0,0.0,0.0,2.572,2.572,26-30
Cédric Bakambu,Congo DR,FW,35,Real Betis,3,190,0,0,0,0,3,0,0.0,0.0,63.0,2,1,4,1,0,0,0.0,0.0,0.0,0.0,31-35
Edo Kayembe,Congo DR,MF,28,Watford,3,160,0,0,0,0,2,1,0.0,0.0,53.0,5,3,0,2,0,1,0.0,0.0,0.0,0.0,26-30
Fiston Mayele,Congo DR,FW,31,Unattached,2,42,1,0,0,0,5,1,0.2,1.0,21.0,1,1,1,0,0,0,2.143,0.0,0.0,0.0,31-35
Gédéon Kalulu,Congo DR,DF,28,Unattached,1,6,0,0,0,0,0,0,0.0,0.0,6.0,0,0,0,0,0,0,0.0,0.0,0.0,0.0,26-30
Joris Kayembe,Congo DR,DF,31,Genk,4,45,0,0,0,0,1,0,0.0,0.0,11.0,0,1,0,3,4,4,0.0,0.0,0.0,0.0,31-35
Lionel Mpasi,Congo DR,GK,31,Le Havre,4,360,0,0,0,0,0,0,0.0,0.0,90.0,0,0,0,0,0,0,0.0,0.0,0.0,0.0,31-35
Meschak Elia,Congo DR,FW,28,Alanyaspor,2,46,0,1,0,0,2,1,0.0,0.0,23.0,2,0,0,2,1,0,0.0,1.956,0.0,0.0,26-30
Nathanaël Mbuku,Congo DR,MF,24,Montpellier,3,143,0,0,1,0,3,2,0.0,0.0,48.0,4,8,0,14,0,3,0.0,0.0,0.6294,0.6294,21-25
Ngal'Ayel Mukau,Congo DR,MF,21,Lille,4,195,0,0,0,0,1,0,0.0,0.0,49.0,3,4,1,0,3,2,0.0,0.0,0.0,0.0,21-25
Noah Sadiki,Congo DR,MF,21,Sunderland,4,259,0,0,2,0,0,0,0.0,0.0,65.0,2,3,0,1,2,4,0.0,0.0,0.695,0.695,21-25
Samuel Moutoussamy,Congo DR,MF,29,Atromitos,4,330,0,0,1,0,3,0,0.0,0.0,83.0,8,1,0,1,1,8,0.0,0.0,0.2727,0.2727,26-30
Simon Banza,Congo DR,FW,29,Unattached,2,40,0,0,0,0,0,0,0.0,0.0,20.0,1,0,0,0,0,1,0.0,0.0,0.0,0.0,26-30
Steve Kapuadi,Congo DR,DF,28,Widzew Łódź,2,180,0,0,0,0,1,0,0.0,0.0,90.0,2,0,0,0,1,1,0.0,0.0,0.0,0.0,26-30
Theo Bongonda,Congo DR,FW,30,Spartak Moscow,2,34,0,0,0,0,1,0,0.0,0.0,17.0,0,1,0,2,1,0,0.0,0.0,0.0,0.0,26-30
Yoane Wissa,Congo DR,FW,29,Newcastle,4,360,3,0,0,0,11,3,0.18,1.0,90.0,5,9,1,0,0,1,0.75,0.0,0.0,0.0,26-30
Andrej Kramarić,Croatia,FW,34,Hoffenheim,3,59,0,0,0,0,1,0,0.0,0.0,20.0,0,0,1,2,0,1,0.0,0.0,0.0,0.0,31-35
Ante Budimir,Croatia,FW,34,Osasuna,3,155,1,0,0,0,3,1,0.33,1.0,52.0,6,4,0,0,0,1,0.5806,0.0,0.0,0.0,31-35
Dominik Livaković,Croatia,GK,31,Dinamo Zagreb,4,360,0,0,0,0,0,0,0.0,0.0,90.0,0,1,0,0,0,0,0.0,0.0,0.0,0.0,31-35
Igor Matanović,Croatia,FW,23,Freiburg,3,95,0,0,0,0,4,2,0.0,0.0,32.0,4,3,1,0,0,0,0.0,0.0,0.0,0.0,21-25
Ivan Perišić,Croatia,MF,37,PSV,4,360,1,1,2,0,2,2,0.5,0.5,90.0,4,1,0,20,4,4,0.25,0.25,0.5,0.5,36-40
Josip Stanišić,Croatia,DF,26,Bayern Munich,4,360,0,1,0,0,0,0,0.0,0.0,90.0,0,4,0,7,5,2,0.0,0.25,0.0,0.0,26-30
Josip Šutalo,Croatia,DF,26,Ajax,4,360,0,0,0,0,1,0,0.0,0.0,90.0,2,1,0,0,6,4,0.0,0.0,0.0,0.0,26-30
Joško Gvardiol,Croatia,DF,24,Manchester City,4,139,0,0,0,0,1,0,0.0,0.0,35.0,2,3,0,0,2,2,0.0,0.0,0.0,0.0,21-25
Luka Modrić,Croatia,MF,40,Milan,4,317,0,1,1,0,1,0,0.0,0.0,79.0,4,3,0,11,0,3,0.0,0.284,0.284,0.284,36-40
Luka Sučić,Croatia,FW,23,Real Sociedad,1,19,0,0,0,0,1,0,0.0,0.0,19.0,0,0,0,0,0,0,0.0,0.0,0.0,0.0,21-25
Luka Vušković,Croatia,DF,19,Hamburger SV,1,65,0,0,0,0,0,0,0.0,0.0,65.0,1,1,0,0,1,0,0.0,0.0,0.0,0.0,16-20
Marco Pašalić,Croatia,MF,25,Orlando City,3,99,0,0,0,0,3,2,0.0,0.0,33.0,0,2,2,11,1,2,0.0,0.0,0.0,0.0,21-25
Marin Pongračić,Croatia,DF,28,Fiorentina,3,270,0,0,0,0,1,0,0.0,0.0,90.0,3,0,0,0,0,3,0.0,0.0,0.0,0.0,26-30
Mario Pašalić,Croatia,MF,31,Atalanta,4,123,0,0,0,0,4,1,0.0,0.0,31.0,2,0,1,1,1,1,0.0,0.0,0.0,0.0,31-35
Martin Baturina,Croatia,MF,23,Como,4,321,1,0,0,0,3,1,0.33,1.0,80.0,1,14,0,8,1,2,0.2803,0.0,0.0,0.0,21-25
Mateo Kovačić,Croatia,MF,32,Manchester City,4,270,0,1,0,0,5,4,0.0,0.0,68.0,3,3,0,0,2,3,0.0,0.3333,0.0,0.0,31-35
Nikola Vlašić,Croatia,MF,28,Torino,3,189,1,0,0,0,3,1,0.33,1.0,63.0,5,0,2,3,1,2,0.476,0.0,0.0,0.0,26-30
Petar Musa,Croatia,FW,28,FC Dallas,2,110,1,0,0,0,1,1,1.0,1.0,55.0,1,1,0,0,0,0,0.8184,0.0,0.0,0.0,26-30
Petar Sučić,Croatia,MF,22,Inter,4,289,1,1,1,0,3,2,0.33,0.5,72.0,7,6,1,4,1,2,0.3115,0.3115,0.3115,0.3115,21-25
Armando Obispo,Curaçao,DF,27,PSV,3,270,0,0,0,0,0,0,0.0,0.0,90.0,1,0,1,0,7,1,0.0,0.0,0.0,0.0,26-30
Brandley Kuwas,Curaçao,FW,33,Volendam,1,1,0,0,0,0,0,0,0.0,0.0,1.0,0,0,0,1,0,0,0.0,0.0,0.0,0.0,31-35
Deveron Fonville,Curaçao,DF,23,NEC Nijmegen,3,241,0,0,0,0,0,0,0.0,0.0,80.0,2,3,0,0,5,3,0.0,0.0,0.0,0.0,21-25
Eloy Room,Curaçao,GK,37,Miami FC,3,270,0,0,0,0,0,0,0.0,0.0,90.0,0,0,0,0,0,0,0.0,0.0,0.0,0.0,36-40
Gervane Kastaneer,Curaçao,FW,30,Unattached,3,30,0,0,2,0,1,0,0.0,0.0,10.0,2,0,0,0,0,0,0.0,0.0,6.0,6.0,26-30
Godfried Roemeratoe,Curaçao,MF,26,RKC Waalwijk,1,7,0,0,0,0,0,0,0.0,0.0,7.0,0,0,0,0,0,0,0.0,0.0,0.0,0.0,26-30
Jearl Margaritha,Curaçao,FW,26,Beveren,2,41,0,0,0,0,1,0,0.0,0.0,21.0,0,0,0,0,0,0,0.0,0.0,0.0,0.0,26-30
Jeremy Antonisse,Curaçao,FW,24,AE Kifisia,2,75,0,0,0,0,1,0,0.0,0.0,38.0,0,0,0,8,0,1,0.0,0.0,0.0,0.0,21-25
Joshua Brenet,Curaçao,DF,32,Kayserispor,2,179,0,0,0,0,0,0,0.0,0.0,90.0,0,1,1,0,1,4,0.0,0.0,0.0,0.0,31-35
Juninho Bacuna,Curaçao,MF,28,Volendam,3,254,0,0,2,0,5,1,0.0,0.0,85.0,6,3,0,5,5,4,0.0,0.0,0.7085,0.7085,26-30
Juriën Gaari,Curaçao,DF,32,Unattached,2,166,0,0,1,0,2,0,0.0,0.0,83.0,4,1,0,0,2,2,0.0,0.0,0.542,0.542,31-35
Jürgen Locadia,Curaçao,FW,32,Miami FC,3,235,0,0,0,0,1,0,0.0,0.0,78.0,3,4,2,0,1,0,0.0,0.0,0.0,0.0,31-35
Kenji Gorré,Curaçao,FW,31,Unattached,1,16,0,0,0,0,0,0,0.0,0.0,16.0,0,0,0,0,0,0,0.0,0.0,0.0,0.0,31-35
Leandro Bacuna,Curaçao,MF,34,Unattached,3,270,0,0,1,0,6,1,0.0,0.0,90.0,3,3,0,4,0,3,0.0,0.0,0.3333,0.3333,31-35
Livano Comenencia,Curaçao,MF,22,Zürich,3,233,1,0,1,0,5,2,0.2,0.5,78.0,4,1,0,1,11,1,0.3862,0.0,0.3862,0.3862,21-25
Riechedly Bazoer,Curaçao,DF,29,Konyaspor,1,90,0,0,0,0,0,0,0.0,0.0,90.0,2,0,0,0,1,1,0.0,0.0,0.0,0.0,26-30
Roshon van Eijma,Curaçao,DF,28,RKC Waalwijk,1,15,0,0,0,0,0,0,0.0,0.0,15.0,0,0,0,0,0,0,0.0,0.0,0.0,0.0,26-30
Sherel Floranus,Curaçao,DF,27,Zwolle,3,270,0,0,0,0,2,0,0.0,0.0,90.0,2,0,1,0,4,6,0.0,0.0,0.0,0.0,26-30
Shurandy Sambo,Curaçao,DF,24,Sparta R.,1,1,0,0,0,0,0,0,0.0,0.0,1.0,0,0,0,0,1,0,0.0,0.0,0.0,0.0,21-25
Sontje Hansen,Curaçao,FW,24,Middlesbrough,1,45,0,0,0,0,1,1,0.0,0.0,45.0,0,0,0,0,0,0,0.0,0.0,0.0,0.0,21-25
Tahith Chong,Curaçao,MF,26,Sheffield United,3,247,0,0,0,0,4,2,0.0,0.0,82.0,3,13,0,1,1,0,0.0,0.0,0.0,0.0,26-30
Tyrese Noslin,Curaçao,MF,23,Telstar,1,14,0,0,0,0,0,0,0.0,0.0,14.0,0,2,0,3,0,0,0.0,0.0,0.0,0.0,21-25
Adam Hložek,Czechia,FW,23,Hoffenheim,3,156,0,0,0,0,3,1,0.0,0.0,52.0,4,4,0,0,1,1,0.0,0.0,0.0,0.0,21-25
Alexandr Sojka,Czechia,MF,23,Viktoria Plzeň,3,141,0,1,0,0,0,0,0.0,0.0,47.0,0,2,0,6,2,1,0.0,0.638,0.0,0.0,21-25
David Douděra,Czechia,MF,28,Slavia Prague,1,90,0,0,0,0,4,0,0.0,0.0,90.0,0,1,0,5,1,0,0.0,0.0,0.0,0.0,26-30
David Zima,Czechia,DF,25,Slavia Prague,1,13,0,0,0,0,0,0,0.0,0.0,13.0,0,0,0,0,0,0,0.0,0.0,0.0,0.0,21-25
Denis Višinský,Czechia,FW,23,Viktoria Plzeň,1,55,0,0,0,0,3,0,0.0,0.0,55.0,0,1,0,0,0,0,0.0,0.0,0.0,0.0,21-25
Jaroslav Zelený,Czechia,MF,33,Sparta Prague,2,126,0,0,0,0,1,0,0.0,0.0,63.0,0,2,0,4,0,0,0.0,0.0,0.0,0.0,31-35
Ladislav Krejčí,Czechia,DF,27,Wolves,3,270,1,0,1,0,5,1,0.2,1.0,90.0,6,2,0,2,1,3,0.3333,0.0,0.3333,0.3333,26-30
Lukáš Provod,Czechia,FW,29,Slavia Prague,3,122,0,0,0,0,1,0,0.0,0.0,41.0,2,1,1,5,1,3,0.0,0.0,0.0,0.0,26-30
Lukáš Červ,Czechia,MF,25,Viktoria Plzeň,2,163,0,0,0,0,3,2,0.0,0.0,82.0,3,3,0,0,0,3,0.0,0.0,0.0,0.0,21-25
Matej Kovar,Czechia,GK,26,PSV,3,270,0,0,0,0,0,0,0.0,0.0,90.0,0,0,0,0,0,0,0.0,0.0,0.0,0.0,26-30
Michal Sadílek,Czechia,MF,27,Slavia Prague,3,183,1,0,0,0,7,3,0.14,0.3333,61.0,0,3,0,12,2,2,0.4917,0.0,0.0,0.0,26-30
Mojmír Chytil,Czechia,FW,27,Slavia Prague,1,7,0,0,0,0,0,0,0.0,0.0,7.0,1,0,0,0,0,0,0.0,0.0,0.0,0.0,26-30
Patrik Schick,Czechia,FW,30,Leverkusen,3,180,0,0,0,0,2,1,0.0,0.0,60.0,1,3,0,0,0,0,0.0,0.0,0.0,0.0,26-30
Pavel Šulc,Czechia,FW,25,Lyon,3,189,0,0,0,0,2,0,0.0,0.0,63.0,2,1,1,1,0,2,0.0,0.0,0.0,0.0,21-25
Robin Hranáč,Czechia,DF,26,Hoffenheim,3,270,0,0,0,0,0,0,0.0,0.0,90.0,6,0,0,1,1,0,0.0,0.0,0.0,0.0,26-30
Tomáš Chorý,Czechia,FW,31,Slavia Prague,2,31,0,0,0,0,0,0,0.0,0.0,16.0,2,1,0,0,0,0,0.0,0.0,0.0,0.0,31-35
Tomáš Holeš,Czechia,DF,33,Slavia Prague,2,153,0,0,0,0,0,0,0.0,0.0,77.0,2,2,0,0,4,3,0.0,0.0,0.0,0.0,31-35
Tomáš Souček,Czechia,MF,31,West Ham,3,137,0,0,0,0,1,0,0.0,0.0,46.0,3,1,2,1,1,0,0.0,0.0,0.0,0.0,31-35
Vladimír Coufal,Czechia,MF,33,Hoffenheim,3,270,0,1,0,0,1,0,0.0,0.0,90.0,4,3,1,20,2,1,0.0,0.3333,0.0,0.0,31-35
Vladimír Darida,Czechia,MF,35,Hradec Králové,1,54,0,0,0,0,1,0,0.0,0.0,54.0,0,1,0,0,1,0,0.0,0.0,0.0,0.0,31-35
Štěpán Chaloupek,Czechia,DF,23,Slavia Prague,1,90,0,0,0,0,0,0,0.0,0.0,90.0,1,0,0,0,2,0,0.0,0.0,0.0,0.0,21-25
Amad Diallo,Côte d'Ivoire,MF,23,Manchester Utd,4,185,2,0,0,0,8,4,0.25,0.5,46.0,0,2,1,4,2,4,0.973,0.0,0.0,0.0,21-25
Ange-Yoan Bonny,Côte d'Ivoire,FW,22,Inter,4,234,0,0,0,0,1,1,0.0,0.0,59.0,1,3,1,1,1,2,0.0,0.0,0.0,0.0,21-25
Bazoumana Touré,Côte d'Ivoire,MF,20,Hoffenheim,3,80,0,0,0,0,0,0,0.0,0.0,27.0,0,1,0,2,0,1,0.0,0.0,0.0,0.0,16-20
Christ Inao Oulaï,Côte d'Ivoire,MF,20,Trabzonspor,4,208,0,0,0,0,2,0,0.0,0.0,52.0,3,5,0,0,6,4,0.0,0.0,0.0,0.0,16-20
Christopher Opéri,Côte d'Ivoire,DF,29,Başakşehir,1,90,0,0,0,0,0,0,0.0,0.0,90.0,2,0,0,2,1,2,0.0,0.0,0.0,0.0,26-30
Elye Wahi,Côte d'Ivoire,FW,23,Nice,3,110,0,0,0,0,3,2,0.0,0.0,37.0,0,0,0,0,0,1,0.0,0.0,0.0,0.0,21-25
Emmanuel Agbadou,Côte d'Ivoire,DF,28,Beşiktaş,3,270,0,0,0,0,3,1,0.0,0.0,90.0,0,0,0,0,4,6,0.0,0.0,0.0,0.0,26-30
Evann Guessand,Côte d'Ivoire,FW,24,Crystal Palace,2,17,0,0,0,0,1,0,0.0,0.0,9.0,1,0,0,0,0,0,0.0,0.0,0.0,0.0,21-25
Franck Kessié,Côte d'Ivoire,MF,29,Al-Ahli,4,346,1,0,1,0,4,2,0.25,0.5,87.0,7,2,1,2,0,4,0.26,0.0,0.26,0.26,26-30
Ghislain Konan,Côte d'Ivoire,DF,30,Gil Vicente FC,3,269,0,0,0,0,4,0,0.0,0.0,90.0,0,1,0,8,0,3,0.0,0.0,0.0,0.0,26-30
Guéla Doué,Côte d'Ivoire,DF,23,Strasbourg,4,277,0,0,1,0,1,0,0.0,0.0,69.0,6,5,0,12,3,5,0.0,0.0,0.325,0.325,21-25
Ibrahim Sangaré,Côte d'Ivoire,MF,28,Nottingham,4,268,0,1,0,0,1,0,0.0,0.0,67.0,2,4,0,0,6,5,0.0,0.336,0.0,0.0,26-30
Jean Seri,Côte d'Ivoire,MF,34,Unattached,1,14,0,0,0,0,0,0,0.0,0.0,14.0,0,0,0,3,0,1,0.0,0.0,0.0,0.0,31-35
Nicolas Pépé,Côte d'Ivoire,FW,31,Villarreal,4,234,2,1,1,0,6,3,0.33,0.6665,59.0,1,1,1,10,3,0,0.769,0.3845,0.3845,0.3845,31-35
Odilon Kossounou,Côte d'Ivoire,DF,25,Atalanta,4,272,0,0,0,0,0,0,0.0,0.0,68.0,0,1,0,0,3,3,0.0,0.0,0.0,0.0,21-25
Oumar Diakité,Côte d'Ivoire,FW,22,Cercle Brugge,2,28,0,0,0,0,0,0,0.0,0.0,14.0,0,0,0,1,0,1,0.0,0.0,0.0,0.0,21-25
Ousmane Diomande,Côte d'Ivoire,DF,22,Sporting CP,1,90,0,0,0,0,0,0,0.0,0.0,90.0,0,0,0,0,1,0,0.0,0.0,0.0,0.0,21-25
Seko Fofana,Côte d'Ivoire,MF,31,Porto,2,92,0,0,1,0,5,1,0.0,0.0,46.0,1,0,0,0,2,0,0.0,0.0,0.978,0.978,31-35
Simon Adingra,Côte d'Ivoire,FW,24,Monaco,1,16,0,0,0,0,0,0,0.0,0.0,16.0,0,0,0,1,0,0,0.0,0.0,0.0,0.0,21-25
Wilfried Singo,Côte d'Ivoire,DF,25,Galatasaray,2,171,0,1,0,0,2,0,0.0,0.0,86.0,3,1,0,1,4,0,0.0,0.5264,0.0,0.0,21-25
Yahia Fofana,Côte d'Ivoire,GK,25,Rizespor,4,360,0,0,0,0,0,0,0.0,0.0,90.0,0,3,0,0,0,0,0.0,0.0,0.0,0.0,21-25
Yan Diomandé,Côte d'Ivoire,MF,19,RB Leipzig,4,329,0,1,0,0,4,0,0.0,0.0,82.0,2,7,0,14,4,6,0.0,0.2734,0.0,0.0,16-20
Alan Franco,Ecuador,DF,27,Atlético Mineiro,4,251,0,0,2,0,0,0,0.0,0.0,63.0,7,0,0,5,4,6,0.0,0.0,0.7173,0.7173,26-30
Alan Minda,Ecuador,MF,23,Atlético Mineiro,1,55,0,0,0,0,2,0,0.0,0.0,55.0,0,1,0,2,1,0,0.0,0.0,0.0,0.0,21-25
Enner Valencia,Ecuador,FW,36,Pachuca,4,287,0,0,0,0,10,6,0.0,0.0,72.0,4,7,2,1,0,1,0.0,0.0,0.0,0.0,36-40
Félix Torres Caicedo,Ecuador,DF,29,Internacional,1,6,0,0,0,0,0,0,0.0,0.0,6.0,0,0,0,0,0,0,0.0,0.0,0.0,0.0,26-30
Gonzalo Plata,Ecuador,FW,25,Flamengo,4,360,1,0,1,0,8,5,0.13,0.2,90.0,5,4,0,8,2,5,0.25,0.0,0.25,0.25,21-25
Hernán Galíndez,Ecuador,GK,39,Huracán,4,360,0,0,0,0,0,0,0.0,0.0,90.0,0,0,0,0,0,0,0.0,0.0,0.0,0.0,36-40
Jackson Porozo,Ecuador,DF,25,Tijuana,1,29,0,0,1,0,0,0,0.0,0.0,29.0,2,0,0,0,0,0,0.0,0.0,3.104,3.104,21-25
Joel Ordóñez,Ecuador,DF,22,Club Brugge,3,225,0,0,0,0,2,0,0.0,0.0,75.0,1,1,0,0,1,5,0.0,0.0,0.0,0.0,21-25
John Yeboah,Ecuador,MF,25,Venezia,4,311,0,0,0,0,8,3,0.0,0.0,78.0,0,4,0,11,3,3,0.0,0.0,0.0,0.0,21-25
Jordy Alcivar,Ecuador,MF,26,Independiente,1,45,0,0,1,0,1,0,0.0,0.0,45.0,1,0,0,1,0,1,0.0,0.0,2.0,2.0,26-30
Jordy Caicedo,Ecuador,FW,28,Huracán,3,20,0,0,0,0,1,0,0.0,0.0,7.0,2,0,0,0,0,0,0.0,0.0,0.0,0.0,26-30
Kendry Páez,Ecuador,MF,19,River Plate,1,12,0,0,1,0,0,0,0.0,0.0,12.0,1,0,0,0,0,0,0.0,0.0,7.5,7.5,16-20
Kevin Rodríguez,Ecuador,FW,26,Union SG,4,118,0,1,0,0,6,1,0.0,0.0,30.0,3,2,0,0,0,1,0.0,0.7627,0.0,0.0,26-30
Moisés Caicedo,Ecuador,MF,24,Chelsea,4,360,0,0,1,0,4,1,0.0,0.0,90.0,5,4,0,17,4,6,0.0,0.0,0.25,0.25,21-25
Nilson Angulo,Ecuador,MF,22,Sunderland,4,218,1,0,0,0,2,2,0.5,0.5,55.0,4,3,0,5,2,1,0.4128,0.0,0.0,0.0,21-25
Pedro Vite,Ecuador,MF,24,UNAM,4,360,0,1,0,0,4,1,0.0,0.0,90.0,2,5,0,6,5,11,0.0,0.25,0.0,0.0,21-25
Pervis Estupiñán,Ecuador,MF,28,Milan,2,89,0,0,0,0,0,0,0.0,0.0,45.0,3,0,0,2,0,1,0.0,0.0,0.0,0.0,26-30
Piero Hincapié,Ecuador,DF,24,Arsenal,4,339,0,0,1,1,3,0,0.0,0.0,85.0,5,4,0,14,4,5,0.0,0.0,0.531,1.062,21-25
Willian Pacho,Ecuador,DF,24,PSG,4,360,0,0,0,0,1,1,0.0,0.0,90.0,3,2,0,0,8,2,0.0,0.0,0.0,0.0,21-25
Yaimar Medina,Ecuador,DF,21,Genk,1,45,0,0,0,0,1,0,0.0,0.0,45.0,1,0,0,4,1,0,0.0,0.0,0.0,0.0,21-25
Ángelo Preciado,Ecuador,DF,28,Atlético Mineiro,4,109,0,0,0,0,0,0,0.0,0.0,27.0,0,1,0,7,3,1,0.0,0.0,0.0,0.0,26-30
Ahmed Fatouh,Egypt,DF,28,Unattached,3,267,0,0,1,0,1,1,0.0,0.0,89.0,2,3,0,8,4,5,0.0,0.0,0.3372,0.3372,26-30
Emam Ashour,Egypt,MF,28,Unattached,5,362,2,0,0,0,10,2,0.2,1.0,72.0,2,13,0,4,4,2,0.4973,0.0,0.0,0.0,26-30
Haissem Hassan,Egypt,MF,24,Oviedo,2,126,0,1,2,0,1,0,0.0,0.0,63.0,2,2,0,9,0,1,0.0,0.7144,1.429,1.429,21-25
Hamdy Fathy,Egypt,DF,31,Unattached,4,238,0,0,1,0,0,0,0.0,0.0,60.0,3,2,1,1,2,3,0.0,0.0,0.3782,0.3782,31-35
Hamza Abdelkarim,Egypt,FW,18,Unattached,4,60,0,0,0,0,0,0,0.0,0.0,15.0,2,0,0,0,0,0,0.0,0.0,0.0,0.0,16-20
Hossam Abdelmaguid,Egypt,DF,25,Unattached,2,59,0,0,0,0,0,0,0.0,0.0,30.0,1,0,0,0,1,0,0.0,0.0,0.0,0.0,21-25
Ibrahim Adel,Egypt,MF,25,Nordsjælland,1,3,0,0,0,0,0,0,0.0,0.0,3.0,0,0,0,0,0,0,0.0,0.0,0.0,0.0,21-25
Karim Hafez,Egypt,DF,30,Unattached,3,172,0,1,0,0,1,0,0.0,0.0,57.0,1,2,0,3,3,1,0.0,0.5234,0.0,0.0,26-30
Mahmoud Saber,Egypt,MF,24,Unattached,2,46,1,0,1,0,3,1,0.33,1.0,23.0,2,1,0,1,0,0,1.956,0.0,1.956,1.956,21-25
Marwan Attia,Egypt,MF,27,Unattached,5,434,0,1,2,0,4,0,0.0,0.0,87.0,8,1,0,11,3,3,0.0,0.2074,0.4148,0.4148,26-30
Mohamed Abdelmonem,Egypt,DF,27,Nice,2,14,0,0,0,0,0,0,0.0,0.0,7.0,1,0,0,0,0,0,0.0,0.0,0.0,0.0,26-30
Mohamed Hany,Egypt,DF,30,Unattached,5,480,0,1,0,0,4,0,0.0,0.0,96.0,2,1,0,15,6,9,0.0,0.1875,0.0,0.0,26-30
Mohamed Salah,Egypt,FW,33,Liverpool,5,425,1,2,0,0,9,4,0.11,0.25,85.0,5,13,1,14,2,0,0.2118,0.4236,0.0,0.0,31-35
Mohanad Lasheen,Egypt,MF,30,Unattached,4,359,0,0,2,0,2,0,0.0,0.0,90.0,5,3,0,1,8,11,0.0,0.0,0.5015,0.5015,26-30
Mostafa Shobeir,Egypt,GK,26,Unattached,5,480,0,0,1,0,0,0,0.0,0.0,96.0,0,5,0,0,0,0,0.0,0.0,0.1875,0.1875,26-30
Mostafa Ziko,Egypt,FW,29,Unattached,5,370,2,1,0,0,8,3,0.25,0.6665,74.0,6,5,2,2,2,4,0.4866,0.2433,0.0,0.0,26-30
Omar Marmoush,Egypt,FW,27,Manchester City,5,326,0,0,0,0,11,1,0.0,0.0,65.0,3,8,0,5,2,3,0.0,0.0,0.0,0.0,26-30
Ramy Rabia,Egypt,DF,33,Unattached,5,372,0,0,0,0,1,1,0.0,0.0,74.0,3,2,0,0,3,5,0.0,0.0,0.0,0.0,31-35
Trézéguet,Egypt,MF,31,Unattached,4,164,1,1,0,0,8,3,0.13,0.3333,41.0,3,2,0,2,1,0,0.549,0.549,0.0,0.0,31-35
Yasser Ibrahim,Egypt,DF,33,Unattached,5,467,1,0,2,0,1,1,1.0,1.0,93.0,6,3,0,0,3,6,0.1927,0.0,0.3855,0.3855,31-35
Zizo,Egypt,MF,30,Unattached,4,56,0,0,0,0,3,1,0.0,0.0,14.0,2,1,0,6,0,1,0.0,0.0,0.0,0.0,26-30
Anthony Gordon,England,MF,25,Barcelona,6,396,1,3,0,0,6,4,0.17,0.25,66.0,4,10,0,8,3,3,0.2273,0.6816,0.0,0.0,21-25
Bukayo Saka,England,MF,24,Arsenal,7,358,3,3,0,0,13,7,0.15,0.4285,51.0,4,9,4,21,1,7,0.7544,0.7544,0.0,0.0,21-25
Dan Burn,England,DF,34,Newcastle,3,35,0,0,0,0,0,0,0.0,0.0,12.0,1,0,0,0,0,0,0.0,0.0,0.0,0.0,31-35
Dean Henderson,England,GK,29,Crystal Palace,1,90,0,0,0,0,0,0,0.0,0.0,90.0,0,0,0,0,1,0,0.0,0.0,0.0,0.0,26-30
Declan Rice,England,MF,27,Arsenal,7,557,1,2,2,0,6,3,0.17,0.3333,80.0,4,0,1,44,5,3,0.1616,0.3232,0.3232,0.3232,26-30
Djed Spence,England,DF,25,Tottenham,8,404,0,0,0,0,2,2,0.0,0.0,51.0,3,5,0,6,5,10,0.0,0.0,0.0,0.0,21-25
Eberechi Eze,England,MF,27,Arsenal,5,211,0,1,0,0,5,0,0.0,0.0,42.0,2,4,1,2,0,0,0.0,0.4265,0.0,0.0,26-30
Elliot Anderson,England,MF,23,Nottingham,8,632,0,1,1,0,7,1,0.0,0.0,79.0,9,13,0,8,8,18,0.0,0.1425,0.1425,0.1425,21-25
Ezri Konsa,England,DF,28,Aston Villa,8,647,1,0,0,0,3,2,0.33,0.5,81.0,8,11,0,3,8,5,0.1392,0.0,0.0,0.0,26-30
Harry Kane,England,FW,32,Bayern Munich,7,652,6,1,0,0,23,12,0.17,0.5,93.0,8,9,2,1,1,3,0.828,0.1381,0.0,0.0,31-35
Ivan Toney,England,FW,30,Al-Ahli,2,79,0,0,0,0,2,1,0.0,0.0,40.0,0,3,2,0,0,0,0.0,0.0,0.0,0.0,26-30
Jarell Quansah,England,DF,23,Leverkusen,3,197,0,0,1,1,0,0,0.0,0.0,66.0,2,2,0,1,0,0,0.0,0.0,0.9136,1.827,21-25
John Stones,England,DF,32,Manchester City,5,330,0,0,0,0,1,0,0.0,0.0,66.0,1,1,0,1,0,0,0.0,0.0,0.0,0.0,31-35
Jordan Henderson,England,MF,35,Brentford,1,7,0,0,1,0,0,0,0.0,0.0,7.0,0,1,0,2,0,1,0.0,0.0,12.86,12.86,31-35
Jordan Pickford,England,GK,32,Everton,7,660,0,0,0,0,0,0,0.0,0.0,94.0,0,4,0,0,0,0,0.0,0.0,0.0,0.0,31-35
Jude Bellingham,England,MF,22,Real Madrid,8,614,7,1,1,0,19,13,0.37,0.5386,77.0,9,17,1,8,3,10,1.026,0.1466,0.1466,0.1466,21-25
Marc Guéhi,England,DF,25,Manchester City,8,663,0,0,1,0,1,0,0.0,0.0,83.0,4,13,0,0,6,1,0.0,0.0,0.1357,0.1357,21-25
Marcus Rashford,England,MF,28,Barcelona,6,223,1,1,0,0,12,5,0.08,0.2,37.0,5,1,1,17,0,2,0.4036,0.4036,0.0,0.0,26-30
Morgan Rogers,England,MF,23,Aston Villa,7,339,0,1,0,0,3,1,0.0,0.0,48.0,5,5,2,5,0,3,0.0,0.2654,0.0,0.0,21-25
Nico O'Reilly,England,DF,21,Manchester City,7,461,0,0,1,0,7,1,0.0,0.0,66.0,6,4,0,4,5,3,0.0,0.0,0.1952,0.1952,21-25
Noni Madueke,England,MF,24,Arsenal,5,286,0,0,0,0,6,1,0.0,0.0,57.0,2,3,1,21,2,4,0.0,0.0,0.0,0.0,21-25
Ollie Watkins,England,FW,30,Aston Villa,2,52,0,0,0,0,1,0,0.0,0.0,26.0,1,0,0,2,0,1,0.0,0.0,0.0,0.0,26-30
Reece James,England,DF,26,Chelsea,5,319,0,0,0,0,1,0,0.0,0.0,64.0,3,1,0,9,3,3,0.0,0.0,0.0,0.0,26-30
Trevoh Chalobah,England,DF,26,Chelsea,1,1,0,0,0,0,0,0,0.0,0.0,1.0,0,0,0,0,0,0,0.0,0.0,0.0,0.0,26-30
Adrien Rabiot,France,MF,31,Milan,7,585,0,1,1,0,9,1,0.0,0.0,84.0,13,4,1,2,11,7,0.0,0.1538,0.1538,0.1538,31-35
Aurélien Tchouaméni,France,MF,26,Real Madrid,4,360,0,1,1,0,3,0,0.0,0.0,90.0,4,3,0,2,6,14,0.0,0.25,0.25,0.25,26-30
Bradley Barcola,France,MF,23,PSG,8,384,3,1,1,0,10,5,0.3,0.6,48.0,5,1,1,3,1,4,0.703,0.2344,0.2344,0.2344,21-25
Dayot Upamecano,France,DF,27,Bayern Munich,8,660,0,1,0,0,4,2,0.0,0.0,83.0,7,4,0,0,15,12,0.0,0.1364,0.0,0.0,26-30
Désiré Doué,France,MF,21,PSG,8,400,1,1,0,0,13,8,0.08,0.125,50.0,4,8,0,3,2,6,0.225,0.225,0.0,0.0,21-25
Ibrahima Konaté,France,DF,27,Liverpool,2,60,0,0,0,0,0,0,0.0,0.0,30.0,2,1,0,0,3,0,0.0,0.0,0.0,0.0,26-30
Jean-Philippe Mateta,France,FW,28,Crystal Palace,3,24,0,0,0,0,3,1,0.0,0.0,8.0,1,0,0,0,0,0,0.0,0.0,0.0,0.0,26-30
Jules Koundé,France,DF,27,Barcelona,8,599,0,0,0,0,2,0,0.0,0.0,75.0,6,5,1,12,3,8,0.0,0.0,0.0,0.0,26-30
Kylian Mbappé,France,FW,27,Real Madrid,8,695,10,4,1,0,41,23,0.22,0.4348,87.0,6,8,7,4,0,1,1.295,0.518,0.1295,0.1295,26-30
Lucas Digne,France,DF,32,Aston Villa,6,463,0,0,0,0,2,1,0.0,0.0,77.0,7,2,0,15,2,3,0.0,0.0,0.0,0.0,31-35
Maghnes Akliouche,France,MF,24,Monaco,1,8,0,0,0,0,0,0,0.0,0.0,8.0,0,0,0,1,0,0,0.0,0.0,0.0,0.0,21-25
Malo Gusto,France,DF,23,Chelsea,5,121,0,0,0,0,0,0,0.0,0.0,24.0,4,2,0,2,2,3,0.0,0.0,0.0,0.0,21-25
Manu Koné,France,MF,25,Roma,5,385,0,0,1,0,6,2,0.0,0.0,77.0,6,7,0,1,3,5,0.0,0.0,0.2338,0.2338,21-25
Marcus Thuram,France,FW,28,Inter,1,1,0,0,0,0,0,0,0.0,0.0,1.0,0,0,0,0,0,0,0.0,0.0,0.0,0.0,26-30
Maxence Lacroix,France,DF,26,Crystal Palace,3,241,0,0,0,0,0,0,0.0,0.0,80.0,5,0,1,0,3,2,0.0,0.0,0.0,0.0,26-30
Michael Olise,France,MF,24,Bayern Munich,8,646,0,7,1,0,20,5,0.0,0.0,81.0,5,16,0,22,3,8,0.0,0.975,0.1393,0.1393,21-25
Mike Maignan,France,GK,30,Milan,8,720,0,0,0,0,0,0,0.0,0.0,90.0,0,2,0,0,0,0,0.0,0.0,0.0,0.0,26-30
Ousmane Dembélé,France,MF,29,PSG,8,592,6,2,0,0,20,10,0.3,0.6,74.0,0,4,3,34,0,2,0.912,0.304,0.0,0.0,26-30
Rayan Cherki,France,MF,22,Manchester City,7,130,0,0,0,0,1,1,0.0,0.0,19.0,2,2,0,1,1,1,0.0,0.0,0.0,0.0,21-25
Theo Hernández,France,DF,28,Al-Hilal,5,257,0,0,0,0,3,0,0.0,0.0,51.0,2,4,0,6,3,1,0.0,0.0,0.0,0.0,26-30
Warren Zaïre-Emery,France,MF,20,PSG,2,110,0,0,0,0,1,0,0.0,0.0,55.0,1,0,0,1,1,0,0.0,0.0,0.0,0.0,16-20
William Saliba,France,DF,25,Arsenal,6,479,0,0,0,0,1,0,0.0,0.0,80.0,4,0,0,0,6,0,0.0,0.0,0.0,0.0,21-25
Aleksandar Pavlovic,Germany,MF,22,Bayern Munich,4,272,0,0,1,0,4,1,0.0,0.0,68.0,13,4,0,1,2,3,0.0,0.0,0.3308,0.3308,21-25
Angelo Stiller,Germany,MF,25,Stuttgart,1,45,0,0,0,0,0,0,0.0,0.0,45.0,0,0,0,0,1,1,0.0,0.0,0.0,0.0,21-25
Antonio Rüdiger,Germany,DF,33,Real Madrid,4,262,0,0,0,0,1,0,0.0,0.0,66.0,1,0,0,3,0,0,0.0,0.0,0.0,0.0,31-35
David Raum,Germany,DF,28,RB Leipzig,2,108,0,0,0,0,1,1,0.0,0.0,54.0,2,0,0,13,1,1,0.0,0.0,0.0,0.0,26-30
Deniz Undav,Germany,FW,29,Stuttgart,4,151,3,2,0,0,6,4,0.5,0.75,38.0,3,0,0,1,0,0,1.788,1.192,0.0,0.0,26-30
Felix Nmecha,Germany,MF,25,Dortmund,4,270,1,1,0,0,8,3,0.13,0.3333,68.0,3,3,0,2,2,9,0.3333,0.3333,0.0,0.0,21-25
Florian Wirtz,Germany,MF,23,Liverpool,4,361,0,3,0,0,10,1,0.0,0.0,90.0,1,3,1,13,2,6,0.0,0.748,0.0,0.0,21-25
Jamal Musiala,Germany,MF,23,Bayern Munich,4,270,1,0,1,0,6,1,0.17,1.0,68.0,5,11,0,5,1,5,0.3333,0.0,0.3333,0.3333,21-25
Jamie Leweling,Germany,FW,25,Stuttgart,1,31,0,0,0,0,1,0,0.0,0.0,31.0,0,0,0,2,0,0,0.0,0.0,0.0,0.0,21-25
Jonathan Tah,Germany,DF,30,Bayern Munich,4,372,0,0,0,0,1,1,0.0,0.0,93.0,5,1,0,1,1,3,0.0,0.0,0.0,0.0,26-30
Joshua Kimmich,Germany,DF,31,Bayern Munich,4,351,0,2,0,0,5,1,0.0,0.0,88.0,0,7,0,31,4,4,0.0,0.5127,0.0,0.0,31-35
Kai Havertz,Germany,FW,27,Arsenal,4,353,3,0,1,0,12,7,0.17,0.4285,88.0,3,4,1,1,1,2,0.7646,0.0,0.255,0.255,26-30
Leon Goretzka,Germany,MF,31,Bayern Munich,3,99,0,0,0,0,2,0,0.0,0.0,33.0,0,0,0,1,1,1,0.0,0.0,0.0,0.0,31-35
Leroy Sané,Germany,MF,30,Galatasaray,4,326,1,0,0,0,6,2,0.17,0.5,82.0,3,2,1,10,2,3,0.2761,0.0,0.0,0.0,26-30
Malick Thiaw,Germany,DF,24,Newcastle,2,42,0,0,0,0,0,0,0.0,0.0,21.0,1,1,0,0,0,2,0.0,0.0,0.0,0.0,21-25
Manuel Neuer,Germany,GK,40,Bayern Munich,4,390,0,0,0,0,0,0,0.0,0.0,98.0,0,2,0,0,0,0,0.0,0.0,0.0,0.0,36-40
Maximilian Beier,Germany,FW,23,Dortmund,1,27,0,0,0,0,0,0,0.0,0.0,27.0,1,1,0,0,0,0,0.0,0.0,0.0,0.0,21-25
Nadiem Amiri,Germany,MF,29,Mainz 05,2,42,0,1,0,0,2,1,0.0,0.0,21.0,0,0,0,2,0,1,0.0,2.143,0.0,0.0,26-30
Nathaniel Brown,Germany,DF,22,Frankfurt,3,282,1,1,0,0,3,2,0.33,0.5,94.0,4,1,0,17,2,6,0.319,0.319,0.0,0.0,21-25
Nick Woltemade,Germany,FW,24,Newcastle,1,33,0,0,0,0,2,0,0.0,0.0,33.0,0,0,0,0,0,1,0.0,0.0,0.0,0.0,21-25
Nico Schlotterbeck,Germany,DF,26,Dortmund,2,135,1,0,0,0,2,2,0.5,0.5,68.0,2,1,0,0,3,2,0.6665,0.0,0.0,0.0,26-30
Pascal Groß,Germany,DF,34,Brighton,1,18,0,0,0,0,1,0,0.0,0.0,18.0,1,0,0,1,0,2,0.0,0.0,0.0,0.0,31-35
Waldemar Anton,Germany,DF,29,Dortmund,2,50,0,0,0,0,1,1,0.0,0.0,25.0,3,1,1,1,2,1,0.0,0.0,0.0,0.0,26-30
Abdul Fatawu Issahaku,Ghana,FW,22,Leicester City,4,132,0,0,1,0,3,0,0.0,0.0,33.0,1,7,0,7,0,0,0.0,0.0,0.6816,0.6816,21-25
Abdul Rahman Baba,Ghana,DF,31,PAOK,1,1,0,0,0,0,0,0,0.0,0.0,1.0,0,0,0,0,0,0,0.0,0.0,0.0,0.0,31-35
Alidu Seidu,Ghana,DF,26,Rennes,1,78,0,0,1,0,0,0,0.0,0.0,78.0,1,0,0,1,1,1,0.0,0.0,1.154,1.154,26-30
Antoine Semenyo,Ghana,MF,26,Manchester City,4,360,0,0,0,0,6,0,0.0,0.0,90.0,6,4,4,5,0,2,0.0,0.0,0.0,0.0,26-30
Benjamin Asare,Ghana,GK,33,Unattached,3,225,0,0,0,0,0,0,0.0,0.0,75.0,0,1,0,0,0,0,0.0,0.0,0.0,0.0,31-35
Brandon Thomas-Asante,Ghana,FW,27,Coventry City,2,53,0,0,0,0,1,0,0.0,0.0,27.0,0,1,1,1,0,0,0.0,0.0,0.0,0.0,26-30
Caleb Yirenkyi,Ghana,MF,20,Nordsjælland,4,264,1,0,2,0,2,1,0.5,1.0,66.0,7,3,0,1,3,1,0.3408,0.0,0.6816,0.6816,16-20
Derrick Luckassen,Ghana,DF,30,Unattached,2,180,1,0,0,0,1,1,1.0,1.0,90.0,1,2,0,0,0,1,0.5,0.0,0.0,0.0,26-30
Elisha Owusu,Ghana,MF,28,Auxerre,3,151,0,0,0,0,0,0,0.0,0.0,50.0,2,0,0,3,0,3,0.0,0.0,0.0,0.0,26-30
Ernest Nuamah,Ghana,MF,22,Lyon,3,89,0,1,0,0,0,0,0.0,0.0,30.0,2,2,0,1,0,1,0.0,1.012,0.0,0.0,21-25
Gideon Mensah,Ghana,DF,27,Auxerre,4,360,0,0,0,0,0,0,0.0,0.0,90.0,2,3,0,3,8,5,0.0,0.0,0.0,0.0,26-30
Iñaki Williams,Ghana,MF,31,Athletic Club,2,126,0,0,1,0,3,0,0.0,0.0,63.0,2,1,1,4,1,0,0.0,0.0,0.7144,0.7144,31-35
Jerome Opoku,Ghana,DF,27,Başakşehir,3,270,0,0,0,0,0,0,0.0,0.0,90.0,2,4,0,0,1,2,0.0,0.0,0.0,0.0,26-30
Jonas Adjetey,Ghana,DF,22,Wolfsburg,3,225,0,0,0,0,2,1,0.0,0.0,75.0,1,0,0,0,1,3,0.0,0.0,0.0,0.0,21-25
Jordan Ayew,Ghana,FW,34,Leicester City,4,300,0,0,0,0,0,0,0.0,0.0,75.0,7,7,1,10,1,3,0.0,0.0,0.0,0.0,31-35
Kamaldeen Sulemana,Ghana,MF,24,Atlanta Utd,2,127,0,0,0,0,1,0,0.0,0.0,64.0,2,1,1,4,1,2,0.0,0.0,0.0,0.0,21-25
Kojo Peprah Oppong,Ghana,DF,22,Nice,2,49,0,0,1,0,0,0,0.0,0.0,25.0,1,0,0,0,0,0,0.0,0.0,1.837,1.837,21-25
Kwasi Sibo,Ghana,MF,27,Oviedo,4,248,0,0,0,0,0,0,0.0,0.0,62.0,7,1,0,0,2,0,0.0,0.0,0.0,0.0,26-30
Lawrence Ati-Zigi,Ghana,GK,29,St. Gallen,2,135,0,0,0,0,0,0,0.0,0.0,68.0,0,1,0,0,0,0,0.0,0.0,0.0,0.0,26-30
Marvin Senaya,Ghana,DF,25,Auxerre,4,278,0,0,0,0,2,0,0.0,0.0,70.0,6,4,0,8,6,12,0.0,0.0,0.0,0.0,21-25
Prince Kwabena Adu,Ghana,FW,22,Viktoria Plzeň,3,39,0,0,0,0,1,1,0.0,0.0,13.0,4,0,0,0,0,0,0.0,0.0,0.0,0.0,21-25
Thomas Partey,Ghana,MF,33,Villarreal,3,270,0,0,0,0,2,0,0.0,0.0,90.0,2,5,0,0,6,4,0.0,0.0,0.0,0.0,31-35
Carlens Arcus,Haiti,MF,29,Angers,3,146,0,0,1,0,0,0,0.0,0.0,49.0,5,3,2,2,3,3,0.0,0.0,0.616,0.616,26-30
Danley Jean-Jacques,Haiti,MF,26,Philadelphia,3,259,0,0,1,0,0,0,0.0,0.0,86.0,5,3,0,1,3,6,0.0,0.0,0.3474,0.3474,26-30
Derrick Etienne,Haiti,FW,29,Toronto FC,1,10,0,0,0,0,0,0,0.0,0.0,10.0,0,0,0,2,0,0,0.0,0.0,0.0,0.0,26-30
Dominique Simon,Haiti,MF,25,Unattached,2,56,0,0,0,0,1,1,0.0,0.0,28.0,1,1,0,1,1,1,0.0,0.0,0.0,0.0,21-25
Duckens Nazon,Haiti,FW,32,Esteghlal,1,24,0,0,1,0,1,1,0.0,0.0,24.0,0,1,0,0,0,0,0.0,0.0,3.75,3.75,31-35
Frantzdy Pierrot,Haiti,FW,31,Rizespor,3,143,0,0,1,0,3,1,0.0,0.0,48.0,5,4,2,0,0,0,0.0,0.0,0.6294,0.6294,31-35
Hannes Delcroix,Haiti,DF,27,Lugano,3,270,0,0,0,0,0,0,0.0,0.0,90.0,1,2,0,0,4,3,0.0,0.0,0.0,0.0,26-30
Jean-Kevin Duverne,Haiti,DF,28,Gent,2,169,0,1,0,0,1,0,0.0,0.0,85.0,2,1,1,1,4,2,0.0,0.5327,0.0,0.0,26-30
Jean-Ricner Bellegarde,Haiti,MF,27,Wolves,3,260,0,0,1,0,6,0,0.0,0.0,87.0,4,5,0,10,3,2,0.0,0.0,0.3462,0.3462,26-30
Johny Placide,Haiti,GK,38,Bastia,3,270,0,0,1,0,0,0,0.0,0.0,90.0,0,0,0,0,0,0,0.0,0.0,0.3333,0.3333,36-40
Josué Casimir,Haiti,MF,24,Auxerre,3,182,0,0,1,0,1,0,0.0,0.0,61.0,4,4,0,3,0,0,0.0,0.0,0.4944,0.4944,21-25
Lenny Joseph,Haiti,FW,25,Ferencváros,3,117,0,0,0,0,2,0,0.0,0.0,39.0,6,1,0,0,0,0,0.0,0.0,0.0,0.0,21-25
Louicius Deedson,Haiti,MF,25,FC Dallas,3,112,0,0,0,0,2,0,0.0,0.0,37.0,3,1,1,4,1,0,0.0,0.0,0.0,0.0,21-25
Martin Expérience,Haiti,DF,27,Nancy,3,270,0,0,0,0,1,0,0.0,0.0,90.0,7,6,0,6,4,6,0.0,0.0,0.0,0.0,26-30
Ricardo Adé,Haiti,DF,36,LDU Quito,3,270,0,0,0,0,4,1,0.0,0.0,90.0,6,4,0,1,5,2,0.0,0.0,0.0,0.0,36-40
Ruben Providence,Haiti,MF,24,Almere City,3,220,0,0,0,0,4,1,0.0,0.0,73.0,3,5,0,6,0,2,0.0,0.0,0.0,0.0,21-25
Wilson Isidor,Haiti,FW,25,Sunderland,3,186,1,0,0,0,5,2,0.2,0.5,62.0,3,2,1,0,1,1,0.484,0.0,0.0,0.0,21-25
Yassin Fortuné,Haiti,FW,27,Unattached,1,6,0,0,0,0,0,0,0.0,0.0,6.0,0,1,0,0,0,0,0.0,0.0,0.0,0.0,26-30
Ali Alipour,IR Iran,FW,30,Persepolis,1,38,0,0,0,0,1,0,0.0,0.0,38.0,1,1,0,0,1,1,0.0,0.0,0.0,0.0,26-30
Ali Nemati,IR Iran,DF,30,Foolad,3,270,0,0,1,0,1,0,0.0,0.0,90.0,3,0,1,2,0,2,0.0,0.0,0.3333,0.3333,26-30
Alireza Beiranvand,IR Iran,GK,33,Tractor,3,270,0,0,0,0,0,0,0.0,0.0,90.0,0,1,0,0,0,0,0.0,0.0,0.0,0.0,31-35
Alireza Jahanbakhsh,IR Iran,FW,32,Dender,2,46,0,0,0,0,1,0,0.0,0.0,23.0,2,0,0,1,0,1,0.0,0.0,0.0,0.0,31-35
Amirhossein Hosseinzadeh,IR Iran,FW,25,Tractor,2,17,0,0,0,0,1,0,0.0,0.0,9.0,0,0,0,0,0,2,0.0,0.0,0.0,0.0,21-25
Aria Yousefi,IR Iran,MF,24,Sepahan,1,45,0,0,0,0,1,1,0.0,0.0,45.0,0,1,0,0,1,0,0.0,0.0,0.0,0.0,21-25
Ehsan Hajsafi,IR Iran,DF,36,Sepahan,2,91,0,0,1,0,1,0,0.0,0.0,46.0,2,1,0,2,1,0,0.0,0.0,0.989,0.989,36-40
Hossein Kanaanizadegan,IR Iran,DF,32,Persepolis,2,135,0,0,1,0,1,1,0.0,0.0,68.0,1,0,0,0,2,0,0.0,0.0,0.6665,0.6665,31-35
Mehdi Ghayedi,IR Iran,FW,27,Unattached,1,45,0,0,0,0,1,0,0.0,0.0,45.0,2,1,0,3,0,0,0.0,0.0,0.0,0.0,26-30
Mehdi Taremi,IR Iran,FW,33,Olympiacos,3,259,0,0,0,0,5,2,0.0,0.0,86.0,3,5,2,1,2,2,0.0,0.0,0.0,0.0,31-35
Mehdi Torabi,IR Iran,MF,31,Tractor,1,25,0,0,0,0,0,0,0.0,0.0,25.0,0,0,0,2,1,0,0.0,0.0,0.0,0.0,31-35
Milad Mohammadi,IR Iran,DF,32,Persepolis,3,205,0,0,0,0,1,1,0.0,0.0,68.0,1,1,2,3,2,4,0.0,0.0,0.0,0.0,31-35
Mohammad Ghorbani,IR Iran,MF,25,Unattached,1,90,0,0,0,0,2,1,0.0,0.0,90.0,2,1,0,0,2,2,0.0,0.0,0.0,0.0,21-25
Mohammad Mohebi,IR Iran,MF,27,Rostov,3,244,1,0,0,0,2,1,0.5,1.0,81.0,1,1,0,1,1,1,0.369,0.0,0.0,0.0,26-30
Ramin Rezaeian,IR Iran,DF,36,Foolad,3,270,2,1,0,0,4,2,0.5,1.0,90.0,2,3,1,18,2,5,0.6665,0.3333,0.0,0.0,36-40
Saeid Ezatolahi,IR Iran,MF,29,Unattached,3,264,0,0,2,0,6,2,0.0,0.0,88.0,7,4,0,0,7,5,0.0,0.0,0.6816,0.6816,26-30
Saleh Hardani,IR Iran,DF,27,Esteghlal,2,90,0,0,0,0,0,0,0.0,0.0,45.0,0,2,0,1,2,2,0.0,0.0,0.0,0.0,26-30
Saman Ghoddos,IR Iran,MF,32,Unattached,3,208,0,0,0,0,4,0,0.0,0.0,69.0,3,0,1,1,5,4,0.0,0.0,0.0,0.0,31-35
Shahriar Moghanlou,IR Iran,FW,31,Unattached,3,88,0,0,0,0,3,0,0.0,0.0,29.0,1,1,1,2,0,2,0.0,0.0,0.0,0.0,31-35
Shoja' Khalilzadeh,IR Iran,DF,37,Tractor,3,270,0,0,1,0,2,0,0.0,0.0,90.0,4,0,1,0,3,3,0.0,0.0,0.3333,0.3333,36-40
Ahmed Basil,Iraq,GK,29,Unattached,2,135,0,0,0,0,0,0,0.0,0.0,68.0,0,1,0,0,0,0,0.0,0.0,0.0,0.0,26-30
Ahmed Maknzi,Iraq,DF,24,Unattached,1,33,0,0,0,0,0,0,0.0,0.0,33.0,0,0,0,0,0,2,0.0,0.0,0.0,0.0,21-25
Ahmed Qasem,Iraq,MF,22,Nashville SC,3,123,0,0,0,0,0,0,0.0,0.0,41.0,0,1,0,1,0,0,0.0,0.0,0.0,0.0,21-25
Aimar Sher,Iraq,MF,23,Sarpsborg 08,1,23,0,0,0,0,0,0,0.0,0.0,23.0,0,0,0,1,0,0,0.0,0.0,0.0,0.0,21-25
Akam Hashim,Iraq,DF,27,Unattached,3,270,0,0,0,0,1,0,0.0,0.0,90.0,0,3,0,0,2,1,0.0,0.0,0.0,0.0,26-30
Ali Al Hamadi,Iraq,FW,24,Ipswich Town,3,180,0,0,0,0,6,0,0.0,0.0,60.0,1,5,0,0,2,2,0.0,0.0,0.0,0.0,21-25
Ali Jasim,Iraq,MF,22,Al-Najma,2,129,0,0,0,0,4,1,0.0,0.0,65.0,1,0,0,4,0,1,0.0,0.0,0.0,0.0,21-25
Ali Yousif,Iraq,FW,30,Unattached,1,33,0,0,0,0,0,0,0.0,0.0,33.0,1,0,0,0,0,1,0.0,0.0,0.0,0.0,26-30
Amir Al Ammari,Iraq,MF,28,Cracovia,3,247,0,1,2,0,0,0,0.0,0.0,82.0,3,0,0,8,2,1,0.0,0.3643,0.7285,0.7285,26-30
Ayman Hussein,Iraq,FW,30,Unattached,2,115,1,0,0,0,3,1,0.33,1.0,58.0,2,1,0,0,0,0,0.7827,0.0,0.0,0.0,26-30
Frans Dhia Putros,Iraq,DF,32,Unattached,1,90,0,0,0,0,0,0,0.0,0.0,90.0,2,0,0,1,2,2,0.0,0.0,0.0,0.0,31-35
Hussein Ali,Iraq,DF,24,Pogoń Szczecin,2,162,0,0,0,0,1,0,0.0,0.0,81.0,1,0,1,1,2,2,0.0,0.0,0.0,0.0,21-25
Ibrahim Bayesh,Iraq,MF,26,Unattached,3,235,0,0,0,0,1,0,0.0,0.0,78.0,3,5,0,4,1,4,0.0,0.0,0.0,0.0,26-30
Jalal Hassan,Iraq,GK,35,Unattached,2,135,0,0,0,0,0,0,0.0,0.0,68.0,0,1,0,0,0,0,0.0,0.0,0.0,0.0,31-35
Kevin Yakob,Iraq,MF,25,AGF,1,24,0,0,0,0,1,0,0.0,0.0,24.0,1,0,0,0,1,0,0.0,0.0,0.0,0.0,21-25
Manaf Younis,Iraq,DF,29,Unattached,1,75,0,0,0,0,0,0,0.0,0.0,75.0,0,0,0,0,1,1,0.0,0.0,0.0,0.0,26-30
Marko Farji,Iraq,MF,22,Venezia,2,54,0,0,0,0,0,0,0.0,0.0,27.0,0,2,0,2,1,1,0.0,0.0,0.0,0.0,21-25
Merchas Doski,Iraq,DF,26,Viktoria Plzeň,3,270,0,0,1,0,1,0,0.0,0.0,90.0,3,8,0,4,6,9,0.0,0.0,0.3333,0.3333,26-30
Mohanad Ali,Iraq,FW,25,Unattached,1,13,0,0,0,0,0,0,0.0,0.0,13.0,0,0,0,0,0,0,0.0,0.0,0.0,0.0,21-25
Mustafa Saadoon,Iraq,DF,25,Unattached,1,18,0,0,0,0,0,0,0.0,0.0,18.0,2,0,0,0,0,1,0.0,0.0,0.0,0.0,21-25
Rebin Sulaka,Iraq,DF,34,Unattached,2,43,0,0,0,1,1,0,0.0,0.0,22.0,1,0,0,0,1,0,0.0,0.0,2.094,6.277,31-35
Youssef Amyn,Iraq,MF,22,Unattached,1,31,0,0,0,0,0,0,0.0,0.0,31.0,0,0,0,0,0,0,0.0,0.0,0.0,0.0,21-25
Zaid Ismail,Iraq,MF,24,Unattached,2,117,0,0,0,0,0,0,0.0,0.0,59.0,2,0,0,0,1,4,0.0,0.0,0.0,0.0,21-25
Zaid Tahseen,Iraq,DF,25,Unattached,2,149,0,0,1,0,2,0,0.0,0.0,75.0,3,2,0,0,0,1,0.0,0.0,0.604,0.604,21-25
Zidane Iqbal,Iraq,MF,23,Utrecht,3,188,0,0,0,0,0,0,0.0,0.0,63.0,1,2,0,2,1,2,0.0,0.0,0.0,0.0,21-25
Ao Tanaka,Japan,MF,27,Leeds United,3,193,0,0,0,0,2,0,0.0,0.0,64.0,6,2,0,0,1,6,0.0,0.0,0.0,0.0,26-30
Ayase Ueda,Japan,FW,27,Feyenoord,4,321,2,1,0,0,9,4,0.22,0.5,80.0,6,4,1,0,0,1,0.5605,0.2803,0.0,0.0,26-30
Ayumu Seko,Japan,DF,26,Le Havre,2,86,0,0,0,0,0,0,0.0,0.0,43.0,1,0,0,0,1,1,0.0,0.0,0.0,0.0,26-30
Daichi Kamada,Japan,MF,29,Crystal Palace,4,329,2,0,1,0,3,2,0.67,1.0,82.0,2,4,1,4,1,3,0.547,0.0,0.2734,0.2734,26-30
Daizen Maeda,Japan,MF,28,Celtic,3,244,1,0,0,0,2,1,0.5,1.0,81.0,2,1,1,3,2,3,0.369,0.0,0.0,0.0,26-30
Hiroki Ito,Japan,DF,27,Bayern Munich,4,360,0,0,0,0,1,0,0.0,0.0,90.0,7,0,0,9,0,2,0.0,0.0,0.0,0.0,26-30
Junnosuke Suzuki,Japan,DF,22,FC Copenhagen,2,43,0,0,1,0,0,0,0.0,0.0,22.0,2,0,0,0,1,0,0.0,0.0,2.094,2.094,21-25
Junya Itō,Japan,MF,33,Genk,4,216,1,0,0,0,3,1,0.33,1.0,54.0,2,5,0,17,1,2,0.4167,0.0,0.0,0.0,31-35
Kaishū Sano,Japan,MF,25,Mainz 05,3,270,1,1,1,0,1,1,1.0,1.0,90.0,4,1,0,1,4,2,0.3333,0.3333,0.3333,0.3333,21-25
Keisuke Gotō,Japan,FW,21,Sint-Truiden,1,7,0,0,0,0,0,0,0.0,0.0,7.0,0,1,0,0,0,1,0.0,0.0,0.0,0.0,21-25
Keito Nakamura,Japan,MF,25,Reims,4,307,1,1,0,0,5,2,0.2,0.5,77.0,3,1,1,9,1,3,0.2932,0.2932,0.0,0.0,21-25
Kento Shiogai,Japan,FW,21,Wolfsburg,1,7,0,0,0,0,0,0,0.0,0.0,7.0,0,0,0,0,0,0,0.0,0.0,0.0,0.0,21-25
Ko Itakura,Japan,DF,29,Ajax,2,128,0,1,0,0,0,0,0.0,0.0,64.0,1,0,0,0,1,0,0.0,0.703,0.0,0.0,26-30
Kōki Ogawa,Japan,FW,28,NEC Nijmegen,3,42,0,1,0,0,3,0,0.0,0.0,14.0,1,0,0,0,0,0,0.0,2.143,0.0,0.0,26-30
Ritsu Doan,Japan,MF,27,Frankfurt,4,278,0,1,0,0,1,0,0.0,0.0,70.0,6,4,0,5,1,1,0.0,0.3237,0.0,0.0,26-30
Shogo Taniguchi,Japan,DF,34,Sint-Truiden,3,232,0,0,1,0,0,0,0.0,0.0,77.0,2,1,0,0,1,0,0.0,0.0,0.388,0.388,31-35
Shuto Machino,Japan,FW,26,Gladbach,1,13,0,0,0,0,0,0,0.0,0.0,13.0,1,0,0,1,0,0,0.0,0.0,0.0,0.0,26-30
Takefusa Kubo,Japan,MF,25,Real Sociedad,1,74,0,1,0,0,1,0,0.0,0.0,74.0,1,1,0,0,1,0,0.0,1.216,0.0,0.0,21-25
Takehiro Tomiyasu,Japan,DF,27,Ajax,3,184,0,0,0,0,1,0,0.0,0.0,61.0,5,2,0,2,2,1,0.0,0.0,0.0,0.0,26-30
Tsuyoshi Watanabe,Japan,DF,29,Feyenoord,2,90,0,0,0,0,0,0,0.0,0.0,45.0,0,1,0,1,0,2,0.0,0.0,0.0,0.0,26-30
Yuito Suzuki,Japan,FW,24,Freiburg,1,12,0,0,0,0,0,0,0.0,0.0,12.0,0,0,0,0,0,1,0.0,0.0,0.0,0.0,21-25
Yukinari Sugawara,Japan,MF,25,Werder Bremen,4,148,0,0,0,0,2,2,0.0,0.0,37.0,3,1,0,4,0,3,0.0,0.0,0.0,0.0,21-25
Yūto Nagatomo,Japan,DF,39,FC Tokyo,1,16,0,0,0,0,0,0,0.0,0.0,16.0,0,0,0,1,1,0,0.0,0.0,0.0,0.0,36-40
Zion Suzuki,Japan,GK,23,Parma,4,360,0,0,0,0,0,0,0.0,0.0,90.0,0,1,0,0,0,0,0.0,0.0,0.0,0.0,21-25
Abdallah Nasib,Jordan,DF,32,Unattached,3,260,0,0,0,0,0,0,0.0,0.0,87.0,1,1,0,0,7,3,0.0,0.0,0.0,0.0,31-35
Ali Azaizeh,Jordan,MF,22,Al-Shabab,3,54,0,0,0,0,2,0,0.0,0.0,18.0,1,1,0,1,0,3,0.0,0.0,0.0,0.0,21-25
Ali Olwan,Jordan,MF,26,Unattached,3,268,1,0,0,0,6,3,0.17,0.3333,89.0,1,4,1,5,1,0,0.336,0.0,0.0,0.0,26-30
Amer Jamous,Jordan,MF,23,Unattached,1,15,0,0,0,0,0,0,0.0,0.0,15.0,1,0,0,0,0,0,0.0,0.0,0.0,0.0,21-25
Husam Abu Dahab,Jordan,DF,26,Unattached,2,178,0,0,1,0,0,0,0.0,0.0,89.0,2,1,0,0,0,3,0.0,0.0,0.506,0.506,26-30
Ihsan Haddad,Jordan,DF,32,Unattached,3,260,0,1,0,0,1,0,0.0,0.0,87.0,3,1,0,8,2,1,0.0,0.3462,0.0,0.0,31-35
Mahmoud Al-Mardi,Jordan,MF,32,Unattached,3,130,0,0,0,0,1,1,0.0,0.0,43.0,4,2,0,7,0,1,0.0,0.0,0.0,0.0,31-35
Mo Abualnadi,Jordan,DF,25,Unattached,1,71,0,0,0,0,0,0,0.0,0.0,71.0,0,0,0,0,0,0,0.0,0.0,0.0,0.0,21-25
Mohammad Abu Hasheesh,Jordan,DF,31,Unattached,1,6,0,0,0,0,0,0,0.0,0.0,6.0,0,0,0,0,0,2,0.0,0.0,0.0,0.0,31-35
Mohammad Al-Dawud,Jordan,FW,34,Unattached,1,3,0,0,0,0,0,0,0.0,0.0,3.0,0,0,0,0,0,0,0.0,0.0,0.0,0.0,31-35
Mohannad Abu Taha,Jordan,DF,23,Unattached,3,264,0,0,1,0,1,0,0.0,0.0,88.0,2,1,0,5,6,2,0.0,0.0,0.3408,0.3408,21-25
Musa Al-Taamari,Jordan,FW,29,Rennes,3,215,1,1,0,0,8,3,0.13,0.3333,72.0,2,3,1,0,0,0,0.4187,0.4187,0.0,0.0,26-30
Nizar Al Rashdan,Jordan,MF,27,Unattached,3,255,1,0,0,0,2,1,0.5,1.0,85.0,5,4,0,0,2,5,0.353,0.0,0.0,0.0,26-30
Noor Al Rawabdeh,Jordan,MF,29,Unattached,3,270,0,1,0,0,1,0,0.0,0.0,90.0,1,0,0,0,2,7,0.0,0.3333,0.0,0.0,26-30
Odeh Al-Fakhouri,Jordan,MF,20,Unattached,3,148,0,0,0,0,2,1,0.0,0.0,49.0,2,3,1,1,2,1,0.0,0.0,0.0,0.0,16-20
Saed Al-Rosan,Jordan,DF,29,Unattached,1,10,0,0,0,0,0,0,0.0,0.0,10.0,0,0,0,0,0,0,0.0,0.0,0.0,0.0,26-30
Salim Obaid,Jordan,DF,34,Unattached,3,21,0,0,0,0,0,0,0.0,0.0,7.0,1,0,0,0,0,2,0.0,0.0,0.0,0.0,31-35
Sharara,Jordan,FW,28,Unattached,2,2,0,0,1,0,0,0,0.0,0.0,1.0,1,0,0,0,0,0,0.0,0.0,45.0,45.0,26-30
Yazan Al-Arab,Jordan,DF,30,FC Seoul,3,270,0,0,1,0,0,0,0.0,0.0,90.0,4,0,0,0,11,1,0.0,0.0,0.3333,0.3333,26-30
Yazeed Abulaila,Jordan,GK,33,Unattached,3,270,0,0,0,0,0,0,0.0,0.0,90.0,0,0,0,0,0,0,0.0,0.0,0.0,0.0,31-35
Cho Gue-sung,Korea Republic,FW,28,Midtjylland,2,31,0,0,1,0,2,1,0.0,0.0,16.0,1,0,0,0,0,0,0.0,0.0,2.902,2.902,26-30
Eom Ji-sung,Korea Republic,MF,24,Swansea City,2,42,0,0,0,0,0,0,0.0,0.0,21.0,0,1,0,3,0,2,0.0,0.0,0.0,0.0,21-25
Hwang Hee-chan,Korea Republic,FW,30,Wolves,3,108,0,0,0,0,1,0,0.0,0.0,36.0,1,2,0,0,0,1,0.0,0.0,0.0,0.0,26-30
Hwang In-beom,Korea Republic,MF,29,Feyenoord,3,263,1,1,0,0,4,2,0.25,0.5,88.0,1,1,0,2,4,2,0.3423,0.3423,0.0,0.0,26-30
Jens Castrop,Korea Republic,MF,22,Gladbach,1,45,0,0,0,0,0,0,0.0,0.0,45.0,3,0,0,3,0,0,0.0,0.0,0.0,0.0,21-25
Kim Jin-gyu,Korea Republic,MF,29,Jeonbuk,2,52,0,0,0,0,1,0,0.0,0.0,26.0,0,1,0,1,0,1,0.0,0.0,0.0,0.0,26-30
Kim Min-jae,Korea Republic,DF,29,Bayern Munich,3,245,0,0,0,0,1,1,0.0,0.0,82.0,2,1,0,0,2,2,0.0,0.0,0.0,0.0,26-30
Kim Moon-hwan,Korea Republic,MF,30,Daejeon Hana,1,70,0,0,0,0,0,0,0.0,0.0,70.0,0,0,0,0,1,1,0.0,0.0,0.0,0.0,26-30
Kim Seung-gyu,Korea Republic,GK,35,FC Tokyo,3,270,0,0,0,0,0,0,0.0,0.0,90.0,0,0,0,0,0,0,0.0,0.0,0.0,0.0,31-35
Lee Gi-hyuk,Korea Republic,DF,25,Gangwon FC,3,270,0,0,1,0,0,0,0.0,0.0,90.0,2,1,0,2,5,4,0.0,0.0,0.3333,0.3333,21-25
Lee Han-beom,Korea Republic,DF,23,Midtjylland,3,270,0,0,0,0,2,0,0.0,0.0,90.0,7,2,0,2,3,2,0.0,0.0,0.0,0.0,21-25
Lee Jae-sung,Korea Republic,FW,33,Mainz 05,2,117,0,0,0,0,2,1,0.0,0.0,59.0,1,4,1,0,2,3,0.0,0.0,0.0,0.0,31-35
Lee Kang-in,Korea Republic,FW,25,PSG,3,270,0,1,1,0,4,1,0.0,0.0,90.0,1,7,0,19,0,0,0.0,0.3333,0.3333,0.3333,21-25
Lee Tae-seok,Korea Republic,MF,23,Austria Wien,2,113,0,0,0,0,0,0,0.0,0.0,57.0,3,1,0,8,0,3,0.0,0.0,0.0,0.0,21-25
Oh Hyeon-gyu,Korea Republic,FW,25,Beşiktaş,3,129,1,0,0,0,4,2,0.25,0.5,43.0,0,1,0,1,0,0,0.6978,0.0,0.0,0.0,21-25
Paik Seung-ho,Korea Republic,MF,29,Birmingham City,3,204,0,0,1,0,0,0,0.0,0.0,68.0,1,2,0,1,1,0,0.0,0.0,0.4412,0.4412,26-30
Park Jinseob,Korea Republic,DF,30,Zhejiang,2,32,0,0,0,0,1,1,0.0,0.0,16.0,0,1,0,0,0,0,0.0,0.0,0.0,0.0,26-30
Seol Young-woo,Korea Republic,MF,27,Red Star,3,250,0,0,0,0,2,0,0.0,0.0,83.0,1,2,4,9,1,0,0.0,0.0,0.0,0.0,26-30
Son Heung-min,Korea Republic,FW,33,LAFC,3,169,0,0,0,0,7,1,0.0,0.0,56.0,0,4,2,3,0,1,0.0,0.0,0.0,0.0,31-35
Yang Hyun-jun,Korea Republic,FW,24,Celtic,1,20,0,0,0,0,1,1,0.0,0.0,20.0,1,0,1,0,1,1,0.0,0.0,0.0,0.0,21-25
Alexis Vega,Mexico,FW,28,Toluca,1,12,0,0,0,0,0,0,0.0,0.0,12.0,0,0,0,1,0,0,0.0,0.0,0.0,0.0,26-30
Armando González,Mexico,FW,23,Guadalajara,1,15,0,0,0,0,0,0,0.0,0.0,15.0,1,0,0,0,0,0,0.0,0.0,0.0,0.0,21-25
Brian Gutiérrez,Mexico,MF,22,Guadalajara,4,198,0,0,1,0,6,0,0.0,0.0,50.0,5,3,0,5,2,1,0.0,0.0,0.4546,0.4546,21-25
César Huerta,Mexico,FW,25,Anderlecht,1,7,0,0,0,0,0,0,0.0,0.0,7.0,0,0,0,0,0,0,0.0,0.0,0.0,0.0,21-25
César Montes,Mexico,DF,29,Loko Moscow,4,314,0,0,0,1,1,1,0.0,0.0,79.0,4,3,0,2,2,1,0.0,0.0,0.2866,0.86,26-30
Edson Álvarez,Mexico,MF,28,West Ham,4,240,0,0,1,0,2,0,0.0,0.0,60.0,5,2,0,1,3,6,0.0,0.0,0.375,0.375,26-30
Erik Lira,Mexico,MF,26,Cruz Azul,4,345,0,1,0,0,0,0,0.0,0.0,86.0,3,4,0,2,2,3,0.0,0.261,0.0,0.0,26-30
Gilberto Mora,Mexico,MF,17,Tijuana,4,213,0,0,0,0,5,0,0.0,0.0,53.0,3,3,0,4,2,2,0.0,0.0,0.0,0.0,16-20
Guillermo Martínez Ayala,Mexico,FW,31,UNAM,2,72,0,0,0,0,0,0,0.0,0.0,36.0,3,1,0,0,0,0,0.0,0.0,0.0,0.0,31-35
Guillermo Ochoa,Mexico,GK,40,Unattached,1,13,0,0,0,0,0,0,0.0,0.0,13.0,0,0,0,0,0,0,0.0,0.0,0.0,0.0,36-40
Israel Reyes,Mexico,DF,26,América,4,202,0,0,0,0,2,0,0.0,0.0,51.0,1,0,0,2,3,1,0.0,0.0,0.0,0.0,26-30
Jesús Gallardo,Mexico,DF,31,Toluca,5,373,0,0,0,0,4,0,0.0,0.0,75.0,7,3,0,16,7,1,0.0,0.0,0.0,0.0,31-35
Johan Vásquez,Mexico,DF,27,Genoa,4,360,0,0,1,0,1,0,0.0,0.0,90.0,0,2,0,1,2,1,0.0,0.0,0.25,0.25,26-30
Jorge Sánchez,Mexico,DF,28,PAOK,4,348,0,1,1,0,1,1,0.0,0.0,87.0,5,1,1,6,5,4,0.0,0.2585,0.2585,0.2585,26-30
Julián Quiñones,Mexico,FW,29,Al-Qadsiah,5,410,4,1,0,0,14,6,0.29,0.6665,82.0,5,7,1,3,0,0,0.878,0.2195,0.0,0.0,26-30
Luis Chávez,Mexico,MF,30,Dynamo Moskva,1,25,0,0,0,0,0,0,0.0,0.0,25.0,1,0,0,1,0,1,0.0,0.0,0.0,0.0,26-30
Luis Romo,Mexico,MF,31,Guadalajara,4,264,1,1,0,0,3,1,0.33,1.0,66.0,1,3,0,1,4,4,0.3408,0.3408,0.0,0.0,31-35
Mateo Chávez,Mexico,DF,22,AZ Alkmaar,1,77,1,0,0,0,1,1,1.0,1.0,77.0,1,1,0,1,0,1,1.169,0.0,0.0,0.0,21-25
Obed Vargas,Mexico,MF,20,Atlético Madrid,3,66,0,0,0,0,1,1,0.0,0.0,22.0,1,0,0,0,1,2,0.0,0.0,0.0,0.0,16-20
Orbelín Pineda,Mexico,FW,30,AEK Athens,2,31,0,0,0,0,1,0,0.0,0.0,16.0,0,2,0,0,0,0,0.0,0.0,0.0,0.0,26-30
Raúl Jiménez,Mexico,FW,35,Fulham,4,317,3,0,0,0,18,7,0.11,0.4285,79.0,7,2,2,0,0,1,0.8516,0.0,0.0,0.0,31-35
Raúl Rangel,Mexico,GK,26,Guadalajara,5,437,0,0,0,0,0,0,0.0,0.0,87.0,1,0,0,0,0,0,0.0,0.0,0.0,0.0,26-30
Roberto Alvarado,Mexico,FW,27,Guadalajara,5,428,0,3,0,0,5,0,0.0,0.0,86.0,3,5,1,36,2,3,0.0,0.631,0.0,0.0,26-30
Santiago Giménez,Mexico,FW,25,Milan,4,86,0,0,0,0,2,1,0.0,0.0,22.0,1,3,0,0,0,0,0.0,0.0,0.0,0.0,21-25
Álvaro Fidalgo,Mexico,MF,29,Real Betis,3,96,1,0,0,0,3,2,0.33,0.5,32.0,0,2,0,4,1,0,0.9375,0.0,0.0,0.0,26-30
Achraf Hakimi,Morocco,DF,27,PSG,6,570,1,2,1,0,14,4,0.07,0.25,95.0,7,16,0,35,5,10,0.1578,0.3157,0.1578,0.1578,26-30
Amine Sbai,Morocco,FW,25,Angers,1,6,0,0,0,0,0,0,0.0,0.0,6.0,2,0,0,2,0,0,0.0,0.0,0.0,0.0,21-25
Anass Salah-Eddine,Morocco,DF,24,PSV,4,212,0,0,0,0,1,0,0.0,0.0,53.0,3,2,0,3,0,5,0.0,0.0,0.0,0.0,21-25
Ayoub El Kaabi,Morocco,FW,32,Olympiacos,1,69,0,0,0,0,3,2,0.0,0.0,69.0,1,1,3,0,0,2,0.0,0.0,0.0,0.0,31-35
Ayoube Amaimouni,Morocco,MF,21,Frankfurt,2,18,0,0,0,0,2,1,0.0,0.0,9.0,1,0,0,1,0,1,0.0,0.0,0.0,0.0,21-25
Ayyoub Bouaddi,Morocco,MF,18,Lille,5,381,0,0,0,0,3,0,0.0,0.0,76.0,3,6,0,0,1,3,0.0,0.0,0.0,0.0,16-20
Azzedine Ounahi,Morocco,MF,26,Girona,6,435,2,0,1,0,5,3,0.4,0.6665,73.0,3,7,0,4,1,1,0.4138,0.0,0.2069,0.2069,26-30
Bilal El Khannouss,Morocco,MF,22,Stuttgart,6,461,0,0,1,0,6,4,0.0,0.0,77.0,5,6,0,10,1,7,0.0,0.0,0.1952,0.1952,21-25
Brahim Díaz,Morocco,MF,26,Real Madrid,6,457,0,4,0,0,6,1,0.0,0.0,76.0,3,10,0,8,4,2,0.0,0.7876,0.0,0.0,26-30
Chadi Riad,Morocco,DF,22,Crystal Palace,4,344,0,1,0,0,1,0,0.0,0.0,86.0,0,1,0,0,4,1,0.0,0.2617,0.0,0.0,21-25
Chemsdine Talbi,Morocco,MF,21,Sunderland,5,179,0,1,0,0,2,0,0.0,0.0,36.0,0,1,0,9,2,2,0.0,0.503,0.0,0.0,21-25
Gessime Yassine,Morocco,MF,20,Strasbourg,3,80,1,0,0,0,2,1,0.5,1.0,27.0,2,3,0,1,1,2,1.125,0.0,0.0,0.0,16-20
Ismael Saibari,Morocco,FW,25,PSV,5,381,3,0,0,0,10,3,0.3,1.0,76.0,8,3,3,5,0,2,0.7085,0.0,0.0,0.0,21-25
Issa Diop,Morocco,DF,29,Fulham,5,476,1,0,3,0,1,1,1.0,1.0,95.0,4,1,0,0,7,1,0.1891,0.0,0.5674,0.5674,26-30
Marwane Saâdane,Morocco,DF,34,Al-Fateh,1,4,0,0,0,0,0,0,0.0,0.0,4.0,0,1,0,0,0,0,0.0,0.0,0.0,0.0,31-35
Neil El Aynaoui,Morocco,MF,24,Roma,6,562,0,0,0,0,7,2,0.0,0.0,94.0,15,7,0,0,8,9,0.0,0.0,0.0,0.0,21-25
Noussair Mazraoui,Morocco,DF,28,Manchester Utd,6,477,0,0,0,0,0,0,0.0,0.0,80.0,4,6,0,3,2,8,0.0,0.0,0.0,0.0,26-30
Redouane Halhal,Morocco,DF,23,Mechelen,2,180,0,0,1,0,0,0,0.0,0.0,90.0,3,5,1,0,1,1,0.0,0.0,0.5,0.5,21-25
Samir El Mourabet,Morocco,MF,20,Strasbourg,5,81,0,0,0,0,0,0,0.0,0.0,16.0,0,1,0,1,1,1,0.0,0.0,0.0,0.0,16-20
Sofyan Amrabat,Morocco,MF,29,Real Betis,3,147,0,0,0,0,0,0,0.0,0.0,49.0,4,2,0,0,2,1,0.0,0.0,0.0,0.0,26-30
Soufiane Rahimi,Morocco,FW,30,Unattached,6,163,2,1,0,0,6,4,0.33,0.5,27.0,5,6,2,1,0,2,1.1045,0.5522,0.0,0.0,26-30
Yassine Bounou,Morocco,GK,35,Al-Hilal,6,570,0,0,0,0,0,0,0.0,0.0,95.0,0,4,0,0,0,0,0.0,0.0,0.0,0.0,31-35
Zakaria El Ouahdi,Morocco,DF,24,Genk,1,17,0,0,0,0,0,0,0.0,0.0,17.0,1,1,0,0,0,0,0.0,0.0,0.0,0.0,21-25
Bart Verbruggen,Netherlands,GK,23,Brighton,4,390,0,0,0,0,0,0,0.0,0.0,98.0,0,0,0,0,0,0,0.0,0.0,0.0,0.0,21-25
Brian Brobbey,Netherlands,FW,24,Sunderland,4,223,3,0,0,0,4,3,0.75,1.0,56.0,4,3,2,1,0,1,1.211,0.0,0.0,0.0,21-25
Cody Gakpo,Netherlands,FW,27,Liverpool,4,368,3,1,0,0,10,6,0.3,0.5,92.0,3,3,3,12,2,1,0.734,0.2445,0.0,0.0,26-30
Crysencio Summerville,Netherlands,FW,24,West Ham,4,253,2,2,1,0,2,2,1.0,1.0,63.0,2,5,1,7,2,2,0.7114,0.7114,0.3557,0.3557,21-25
Denzel Dumfries,Netherlands,DF,30,Inter,4,390,0,2,0,0,5,2,0.0,0.0,98.0,6,3,1,16,1,6,0.0,0.4614,0.0,0.0,26-30
Donyell Malen,Netherlands,FW,27,Roma,3,185,0,0,0,0,4,2,0.0,0.0,62.0,0,2,0,5,0,0,0.0,0.0,0.0,0.0,26-30
Frenkie de Jong,Netherlands,MF,29,Barcelona,4,328,0,0,0,0,1,0,0.0,0.0,82.0,6,6,0,1,8,7,0.0,0.0,0.0,0.0,26-30
Guus Til,Netherlands,FW,28,PSV,1,32,0,0,0,0,0,0,0.0,0.0,32.0,0,0,0,0,0,0,0.0,0.0,0.0,0.0,26-30
Jan Paul van Hecke,Netherlands,DF,26,Brighton,4,390,1,0,0,0,3,2,0.33,0.5,98.0,4,2,0,1,4,3,0.2307,0.0,0.0,0.0,26-30
Jorrel Hato,Netherlands,DF,20,Chelsea,1,35,0,0,0,0,0,0,0.0,0.0,35.0,0,0,0,1,0,0,0.0,0.0,0.0,0.0,16-20
Justin Kluivert,Netherlands,FW,27,Bournemouth,2,27,0,0,0,0,0,0,0.0,0.0,14.0,0,2,0,1,0,0,0.0,0.0,0.0,0.0,26-30
Marten de Roon,Netherlands,DF,35,Atalanta,1,11,0,0,0,0,0,0,0.0,0.0,11.0,0,0,0,0,0,0,0.0,0.0,0.0,0.0,31-35
Memphis,Netherlands,FW,32,Corinthians,3,54,0,1,1,0,0,0,0.0,0.0,18.0,1,1,0,1,0,0,0.0,1.667,1.667,1.667,31-35
Micky van de Ven,Netherlands,DF,25,Tottenham,3,265,0,0,1,0,3,1,0.0,0.0,88.0,5,1,0,2,2,3,0.0,0.0,0.3396,0.3396,21-25
Nathan Aké,Netherlands,DF,31,Manchester City,3,170,0,0,0,0,1,0,0.0,0.0,57.0,2,2,0,1,4,0,0.0,0.0,0.0,0.0,31-35
Noa Lang,Netherlands,FW,26,Galatasaray,2,8,0,0,0,0,0,0,0.0,0.0,4.0,0,1,0,0,0,0,0.0,0.0,0.0,0.0,26-30
Quinten Timber,Netherlands,MF,24,Marseille,2,55,0,0,0,0,0,0,0.0,0.0,28.0,0,2,0,1,1,0,0.0,0.0,0.0,0.0,21-25
Ryan Gravenberch,Netherlands,MF,24,Liverpool,4,345,0,2,0,0,5,0,0.0,0.0,86.0,5,3,0,4,6,1,0.0,0.522,0.0,0.0,21-25
Teun Koopmeiners,Netherlands,DF,28,Juventus,4,122,0,0,0,0,2,0,0.0,0.0,31.0,3,0,0,5,1,1,0.0,0.0,0.0,0.0,26-30
Tijjani Reijnders,Netherlands,MF,27,Manchester City,3,199,0,1,0,0,4,2,0.0,0.0,66.0,0,3,1,15,2,0,0.0,0.4521,0.0,0.0,26-30
Virgil van Dijk,Netherlands,DF,34,Liverpool,4,390,1,1,0,0,2,2,0.5,0.5,98.0,2,2,0,0,3,1,0.2307,0.2307,0.0,0.0,31-35
Wout Weghorst,Netherlands,FW,33,Ajax,1,50,0,0,0,0,0,0,0.0,0.0,50.0,1,2,0,0,0,1,0.0,0.0,0.0,0.0,31-35
Ben Old,New Zealand,MF,23,Saint-Étienne,3,93,0,0,0,0,0,0,0.0,0.0,31.0,0,1,0,1,1,0,0.0,0.0,0.0,0.0,21-25
Callan Elliot,New Zealand,DF,26,Auckland FC,1,13,0,0,0,0,0,0,0.0,0.0,13.0,0,0,0,0,0,1,0.0,0.0,0.0,0.0,26-30
Callum McCowatt,New Zealand,MF,27,Silkeborg,3,159,0,0,1,0,4,3,0.0,0.0,53.0,4,1,0,3,1,1,0.0,0.0,0.566,0.566,26-30
Chris Wood,New Zealand,FW,34,Nottingham,3,270,0,2,0,0,5,2,0.0,0.0,90.0,2,1,4,0,0,1,0.0,0.6665,0.0,0.0,31-35
Elijah Just,New Zealand,MF,26,Motherwell,3,264,3,0,1,0,7,5,0.43,0.6,88.0,3,2,0,2,2,3,1.022,0.0,0.3408,0.3408,26-30
Finn Surman,New Zealand,DF,22,Portland Timbers,3,270,1,0,0,0,2,1,0.5,1.0,90.0,4,2,0,0,4,1,0.3333,0.0,0.0,0.0,21-25
Francis de Vries,New Zealand,DF,31,Auckland FC,2,18,0,0,0,0,0,0,0.0,0.0,9.0,0,0,0,3,1,0,0.0,0.0,0.0,0.0,31-35
Jesse Randall,New Zealand,MF,23,Auckland FC,3,61,0,0,0,0,1,0,0.0,0.0,20.0,0,1,0,5,0,0,0.0,0.0,0.0,0.0,21-25
Joe Bell,New Zealand,MF,27,Viking,3,243,0,0,0,0,1,0,0.0,0.0,81.0,3,0,0,0,4,2,0.0,0.0,0.0,0.0,26-30
Liberato Cacace,New Zealand,DF,25,Wrexham,3,220,0,0,0,0,1,1,0.0,0.0,73.0,1,5,0,8,3,2,0.0,0.0,0.0,0.0,21-25
Marko Stamenic,New Zealand,MF,24,Swansea City,3,269,0,0,1,0,3,0,0.0,0.0,90.0,4,0,0,1,4,1,0.0,0.0,0.3345,0.3345,21-25
Max Crocombe,New Zealand,GK,32,Millwall,3,270,0,0,0,0,0,0,0.0,0.0,90.0,0,1,0,0,0,0,0.0,0.0,0.0,0.0,31-35
Michael Boxall,New Zealand,DF,37,Minnesota Utd,3,207,0,0,0,0,0,0,0.0,0.0,69.0,2,2,0,1,2,1,0.0,0.0,0.0,0.0,36-40
Ryan Thomas,New Zealand,MF,31,Zwolle,3,83,0,0,0,0,0,0,0.0,0.0,28.0,3,3,0,1,0,2,0.0,0.0,0.0,0.0,31-35
Sarpreet Singh,New Zealand,MF,27,Wellington,3,209,0,0,1,0,4,2,0.0,0.0,70.0,2,2,0,7,0,1,0.0,0.0,0.4307,0.4307,26-30
Tim Payne,New Zealand,DF,32,Wellington,3,224,0,1,0,0,1,0,0.0,0.0,75.0,2,2,0,10,1,3,0.0,0.4019,0.0,0.0,31-35
Tyler Bindon,New Zealand,DF,21,Sheffield United,3,97,0,0,0,0,2,1,0.0,0.0,32.0,2,1,0,2,1,2,0.0,0.0,0.0,0.0,21-25
Alexander Sørloth,Norway,FW,30,Atlético Madrid,5,337,0,0,0,0,5,0,0.0,0.0,67.0,6,2,2,5,0,1,0.0,0.0,0.0,0.0,26-30
Andreas Schjelderup,Norway,FW,22,Benfica,6,252,1,3,0,0,3,2,0.33,0.5,42.0,2,3,0,4,5,3,0.3572,1.071,0.0,0.0,21-25
Antonio Nusa,Norway,FW,21,RB Leipzig,6,318,1,0,1,0,6,2,0.17,0.5,53.0,1,5,2,7,2,2,0.283,0.0,0.283,0.283,21-25
David Møller Wolfe,Norway,DF,24,Wolves,5,430,0,1,0,0,0,0,0.0,0.0,86.0,7,2,0,5,3,3,0.0,0.2094,0.0,0.0,21-25
Egil Selvik,Norway,GK,28,Watford,1,90,0,0,0,0,0,0,0.0,0.0,90.0,0,0,0,0,0,0,0.0,0.0,0.0,0.0,26-30
Erling Haaland,Norway,FW,25,Manchester City,5,465,7,0,0,0,20,13,0.35,0.5386,93.0,5,3,0,1,1,0,1.3545,0.0,0.0,0.0,21-25
Fredrik André Bjørkan,Norway,DF,27,Bodø/Glimt,1,45,0,0,0,0,0,0,0.0,0.0,45.0,0,0,0,0,2,1,0.0,0.0,0.0,0.0,26-30
Fredrik Aursnes,Norway,MF,30,Benfica,6,304,0,0,0,0,2,0,0.0,0.0,51.0,5,3,0,5,1,8,0.0,0.0,0.0,0.0,26-30
Henrik Falchener,Norway,DF,23,Viking,1,65,0,0,0,0,0,0,0.0,0.0,65.0,0,0,0,0,1,0,0.0,0.0,0.0,0.0,21-25
Jens Petter Hauge,Norway,DF,26,Bodø/Glimt,1,8,0,0,0,0,0,0,0.0,0.0,8.0,0,0,0,0,0,0,0.0,0.0,0.0,0.0,26-30
Julian Ryerson,Norway,DF,28,Dortmund,4,223,0,0,0,0,0,0,0.0,0.0,56.0,6,1,0,15,0,8,0.0,0.0,0.0,0.0,26-30
Jørgen Strand Larsen,Norway,FW,26,Crystal Palace,2,105,0,0,0,0,2,1,0.0,0.0,53.0,0,2,1,0,0,0,0.0,0.0,0.0,0.0,26-30
Kristian Thorstvedt,Norway,MF,27,Sassuolo,2,63,0,0,0,0,3,1,0.0,0.0,32.0,2,1,0,0,0,1,0.0,0.0,0.0,0.0,26-30
Kristoffer Ajer,Norway,DF,28,Brentford,5,480,0,0,1,0,2,1,0.0,0.0,96.0,2,1,0,1,4,8,0.0,0.0,0.1875,0.1875,26-30
Leo Østigård,Norway,DF,26,Genoa,5,146,1,0,0,0,3,1,0.33,1.0,29.0,2,2,0,0,1,3,0.616,0.0,0.0,0.0,26-30
Marcus Pedersen,Norway,DF,25,Torino,4,236,1,0,0,0,1,1,1.0,1.0,59.0,3,1,0,6,0,2,0.3813,0.0,0.0,0.0,21-25
Martin Ødegaard,Norway,MF,27,Arsenal,5,470,0,4,0,0,9,3,0.0,0.0,94.0,3,4,0,15,3,4,0.0,0.766,0.0,0.0,26-30
Morten Thorsby,Norway,MF,30,Cremonese,1,45,0,0,0,0,0,0,0.0,0.0,45.0,1,0,0,0,1,1,0.0,0.0,0.0,0.0,26-30
Oscar Bobb,Norway,FW,22,Fulham,6,225,0,0,0,0,4,2,0.0,0.0,38.0,1,4,0,2,3,3,0.0,0.0,0.0,0.0,21-25
Patrick Berg,Norway,MF,28,Bodø/Glimt,6,445,0,2,1,0,3,0,0.0,0.0,74.0,4,2,0,11,2,7,0.0,0.4045,0.2023,0.2023,26-30
Sander Berge,Norway,MF,28,Fulham,5,480,0,0,0,0,0,0,0.0,0.0,96.0,6,2,0,1,9,4,0.0,0.0,0.0,0.0,26-30
Sondre Langås,Norway,DF,25,Derby County,1,25,0,0,0,0,0,0,0.0,0.0,25.0,0,0,0,0,0,0,0.0,0.0,0.0,0.0,21-25
Thelo Aasgaard,Norway,MF,24,Rangers,1,90,1,0,0,0,2,1,0.5,1.0,90.0,0,3,0,0,3,1,1.0,0.0,0.0,0.0,21-25
Torbjørn Heggem,Norway,DF,27,Bologna,5,443,0,0,0,0,1,1,0.0,0.0,89.0,2,0,0,0,2,7,0.0,0.0,0.0,0.0,26-30
Ørjan Nyland,Norway,GK,35,Sevilla,5,480,0,0,0,0,0,0,0.0,0.0,96.0,0,0,0,0,1,0,0.0,0.0,0.0,0.0,31-35
Alberto Quintero,Panama,FW,38,Unattached,1,3,0,0,0,0,0,0,0.0,0.0,3.0,1,0,0,1,0,0,0.0,0.0,0.0,0.0,36-40
Andrés Andrade Cedeño,Panama,DF,27,LASK,3,270,0,0,1,0,0,0,0.0,0.0,90.0,4,0,0,8,3,3,0.0,0.0,0.3333,0.3333,26-30
Aníbal Godoy,Panama,MF,36,San Diego FC,1,1,0,0,0,0,0,0,0.0,0.0,1.0,0,1,0,1,0,0,0.0,0.0,0.0,0.0,36-40
Azarías Londoño,Panama,MF,24,Univ Católica,3,56,0,0,0,0,1,0,0.0,0.0,19.0,1,0,0,1,1,0,0.0,0.0,0.0,0.0,21-25
Carlos Harvey,Panama,MF,26,Minnesota Utd,3,267,0,0,1,0,5,0,0.0,0.0,89.0,8,3,0,0,0,3,0.0,0.0,0.3372,0.3372,26-30
Cecilio Waterman,Panama,FW,35,U Concepción,2,76,0,0,0,0,2,1,0.0,0.0,38.0,1,1,0,0,0,0,0.0,0.0,0.0,0.0,31-35
Cristian Martínez,Panama,MF,29,Unattached,3,242,0,0,0,0,1,0,0.0,0.0,81.0,5,5,1,12,1,4,0.0,0.0,0.0,0.0,26-30
César Blackman,Panama,MF,28,Unattached,2,178,0,0,1,0,2,1,0.0,0.0,89.0,2,2,1,0,1,0,0.0,0.0,0.506,0.506,26-30
Erick Davis,Panama,DF,35,Unattached,2,4,0,0,0,0,1,0,0.0,0.0,2.0,0,1,0,2,0,1,0.0,0.0,0.0,0.0,31-35
Fidel Escobar,Panama,DF,31,Unattached,1,90,0,0,0,0,0,0,0.0,0.0,90.0,1,0,0,1,1,2,0.0,0.0,0.0,0.0,31-35
Ismael Díaz,Panama,FW,29,León,2,37,0,0,0,0,6,2,0.0,0.0,19.0,0,0,2,0,0,1,0.0,0.0,0.0,0.0,26-30
Jiovany Ramos,Panama,DF,29,Puerto Cabello,2,166,0,0,0,0,2,0,0.0,0.0,83.0,2,1,0,0,3,1,0.0,0.0,0.0,0.0,26-30
Jorge Gutiérrez,Panama,DF,27,Dep. La Guaira,1,87,0,0,0,0,0,0,0.0,0.0,87.0,1,2,0,0,1,1,0.0,0.0,0.0,0.0,26-30
José Córdoba,Panama,DF,25,Norwich City,3,270,0,0,0,0,0,0,0.0,0.0,90.0,5,1,0,1,1,3,0.0,0.0,0.0,0.0,21-25
José Fajardo,Panama,FW,32,Univ Católica,3,155,0,0,1,0,1,0,0.0,0.0,52.0,4,3,1,0,0,2,0.0,0.0,0.5806,0.5806,31-35
José Luis Rodríguez,Panama,MF,27,FC Juárez,3,233,0,0,0,0,3,1,0.0,0.0,78.0,4,2,0,17,0,3,0.0,0.0,0.0,0.0,26-30
Michael Amir Murillo,Panama,DF,30,Beşiktaş,3,270,0,0,0,0,5,1,0.0,0.0,90.0,1,7,1,8,1,3,0.0,0.0,0.0,0.0,26-30
Orlando Mosquera,Panama,GK,31,Al-Fayha,3,270,0,0,0,0,0,0,0.0,0.0,90.0,0,0,0,0,0,0,0.0,0.0,0.0,0.0,31-35
Tomás Rodríguez,Panama,FW,27,Unattached,2,46,0,0,0,0,1,1,0.0,0.0,23.0,3,1,0,0,0,0,0.0,0.0,0.0,0.0,26-30
Yoel Bárcenas,Panama,MF,32,Mazatlán,3,249,0,0,1,0,2,0,0.0,0.0,83.0,3,3,0,7,2,0,0.0,0.0,0.3613,0.3613,31-35
Alexandro Maidana,Paraguay,DF,20,Talleres–C,2,55,0,0,0,0,0,0,0.0,0.0,28.0,0,0,0,1,1,0,0.0,0.0,0.0,0.0,16-20
Andrés Cubas,Paraguay,MF,30,Vancouver,5,480,0,0,1,0,1,0,0.0,0.0,96.0,14,3,0,0,11,13,0.0,0.0,0.1875,0.1875,26-30
Antonio Sanabria,Paraguay,FW,30,Cremonese,2,83,0,0,0,0,0,0,0.0,0.0,42.0,1,2,0,0,0,2,0.0,0.0,0.0,0.0,26-30
Braian Ojeda,Paraguay,MF,25,Orlando City,1,22,0,0,0,0,0,0,0.0,0.0,22.0,0,0,0,0,0,0,0.0,0.0,0.0,0.0,21-25
Damián Bobadilla,Paraguay,MF,24,São Paulo,4,189,0,0,0,0,0,0,0.0,0.0,47.0,1,1,0,1,5,3,0.0,0.0,0.0,0.0,21-25
Diego Gómez,Paraguay,MF,23,Brighton,4,304,0,0,2,0,6,0,0.0,0.0,76.0,5,1,0,1,9,6,0.0,0.0,0.5923,0.5923,21-25
Fabián Balbuena,Paraguay,DF,34,Grêmio,1,1,0,0,0,0,0,0,0.0,0.0,1.0,0,0,0,0,0,0,0.0,0.0,0.0,0.0,31-35
Gabriel Ávalos,Paraguay,FW,35,Independiente,4,141,0,0,0,0,1,0,0.0,0.0,35.0,1,2,0,0,0,2,0.0,0.0,0.0,0.0,31-35
Gustavo Caballero,Paraguay,FW,24,Portsmouth,2,96,0,0,0,0,1,1,0.0,0.0,48.0,2,2,1,0,0,2,0.0,0.0,0.0,0.0,21-25
Gustavo Gómez,Paraguay,DF,33,Palmeiras,5,480,0,0,0,0,2,0,0.0,0.0,96.0,3,2,1,0,2,3,0.0,0.0,0.0,0.0,31-35
Gustavo Velásquez,Paraguay,DF,35,Cerro Porteño,5,246,0,0,0,0,0,0,0.0,0.0,49.0,2,0,0,3,1,1,0.0,0.0,0.0,0.0,31-35
Isidro Pitta,Paraguay,FW,26,RB Bragantino,1,45,0,0,0,0,0,0,0.0,0.0,45.0,2,0,2,0,0,0,0.0,0.0,0.0,0.0,26-30
José Canale,Paraguay,DF,29,Lanús,4,161,0,0,0,0,0,0,0.0,0.0,40.0,1,2,0,1,1,6,0.0,0.0,0.0,0.0,26-30
Juan Cáceres,Paraguay,DF,26,Dynamo Moskva,5,436,0,0,1,0,2,1,0.0,0.0,87.0,9,6,0,10,5,11,0.0,0.0,0.2064,0.2064,26-30
Julio Enciso,Paraguay,FW,22,Strasbourg,5,386,1,2,0,0,8,1,0.13,1.0,77.0,3,9,0,5,1,5,0.2332,0.4663,0.0,0.0,21-25
Júnior Alonso,Paraguay,DF,33,Atlético Mineiro,5,390,0,0,1,0,3,1,0.0,0.0,78.0,3,3,1,2,4,9,0.0,0.0,0.2307,0.2307,31-35
Kaku,Paraguay,MF,31,Unattached,1,11,0,0,0,0,0,0,0.0,0.0,11.0,1,1,0,0,0,0,0.0,0.0,0.0,0.0,31-35
Matías Galarza,Paraguay,MF,24,Atlanta Utd,4,388,1,1,2,0,2,1,0.5,1.0,97.0,10,9,0,4,7,11,0.2319,0.2319,0.4639,0.4639,21-25
Mauricio,Paraguay,MF,25,Palmeiras,4,173,1,0,0,0,4,3,0.25,0.3333,43.0,3,3,0,11,1,6,0.52,0.0,0.0,0.0,21-25
Miguel Almirón,Paraguay,MF,32,Atlanta Utd,4,282,0,0,1,1,4,0,0.0,0.0,71.0,2,7,0,4,3,7,0.0,0.0,0.638,1.276,31-35
Omar Alderete,Paraguay,DF,29,Sunderland,4,320,0,0,0,0,1,0,0.0,0.0,80.0,2,3,0,0,2,0,0.0,0.0,0.0,0.0,26-30
Orlando Gill,Paraguay,GK,26,San Lorenzo,5,480,0,0,0,0,0,0,0.0,0.0,96.0,0,3,0,0,0,0,0.0,0.0,0.0,0.0,26-30
Ramón Sosa,Paraguay,FW,26,Palmeiras,1,12,0,0,0,0,0,0,0.0,0.0,12.0,0,1,0,0,0,0,0.0,0.0,0.0,0.0,26-30
Álex Arce,Paraguay,FW,30,Ind. Rivadavia,2,53,0,0,1,0,0,0,0.0,0.0,27.0,1,0,0,0,0,1,0.0,0.0,1.698,1.698,26-30
Bernardo Silva,Portugal,MF,31,Manchester City,4,97,0,0,2,0,1,0,0.0,0.0,24.0,3,0,0,0,1,0,0.0,0.0,1.855,1.855,31-35
Bruno Fernandes,Portugal,MF,31,Manchester Utd,5,422,0,1,0,0,9,3,0.0,0.0,84.0,2,8,1,22,0,5,0.0,0.2133,0.0,0.0,31-35
Cristiano Ronaldo,Portugal,FW,41,Al-Nassr,5,440,3,0,0,0,18,9,0.11,0.3333,88.0,2,5,6,0,1,1,0.614,0.0,0.0,0.0,
Diogo Costa,Portugal,GK,26,Porto,5,450,0,0,0,0,0,0,0.0,0.0,90.0,0,1,0,0,0,0,0.0,0.0,0.0,0.0,26-30
Diogo Dalot,Portugal,DF,27,Manchester Utd,2,65,0,0,0,0,1,0,0.0,0.0,33.0,0,1,0,1,0,2,0.0,0.0,0.0,0.0,26-30
Francisco Conceição,Portugal,MF,23,Juventus,4,126,0,0,0,0,2,0,0.0,0.0,32.0,1,2,1,3,0,2,0.0,0.0,0.0,0.0,21-25
Francisco Trincão,Portugal,FW,26,Sporting CP,1,28,0,0,0,0,1,0,0.0,0.0,28.0,0,0,0,0,0,1,0.0,0.0,0.0,0.0,26-30
Gonçalo Ramos,Portugal,FW,24,PSG,2,36,1,0,0,0,2,1,0.5,1.0,18.0,0,0,0,0,0,0,2.5,0.0,0.0,0.0,21-25
João Cancelo,Portugal,DF,32,Barcelona,5,312,0,1,0,0,3,0,0.0,0.0,62.0,6,2,1,17,5,4,0.0,0.2886,0.0,0.0,31-35
João Félix,Portugal,MF,26,Al-Nassr,3,201,0,0,0,0,6,1,0.0,0.0,67.0,3,6,0,4,3,4,0.0,0.0,0.0,0.0,26-30
João Neves,Portugal,MF,21,PSG,5,390,1,0,0,0,3,1,0.33,1.0,78.0,1,4,0,2,4,7,0.2307,0.0,0.0,0.0,21-25
Matheus Nunes,Portugal,DF,27,Manchester City,1,1,0,0,0,0,0,0,0.0,0.0,1.0,0,0,0,0,0,0,0.0,0.0,0.0,0.0,26-30
Nuno Mendes,Portugal,DF,23,PSG,5,395,1,0,0,0,3,1,0.33,1.0,79.0,3,12,1,19,0,6,0.2279,0.0,0.0,0.0,21-25
Nélson Semedo,Portugal,DF,32,Fenerbahçe,4,127,0,0,1,0,0,0,0.0,0.0,32.0,2,2,0,3,0,0,0.0,0.0,0.7085,0.7085,31-35
Pedro Neto,Portugal,MF,26,Chelsea,5,350,0,1,0,0,1,0,0.0,0.0,70.0,4,4,0,13,0,2,0.0,0.257,0.0,0.0,26-30
Rafael Leão,Portugal,MF,27,Milan,5,158,1,1,0,0,4,1,0.25,1.0,32.0,1,2,0,7,2,0,0.57,0.57,0.0,0.0,26-30
Renato Veiga,Portugal,DF,22,Villarreal,5,450,0,0,2,0,2,0,0.0,0.0,90.0,5,3,0,0,6,1,0.0,0.0,0.4,0.4,21-25
Rúben Dias,Portugal,DF,29,Manchester City,4,360,0,0,1,0,0,0,0.0,0.0,90.0,6,3,0,0,5,3,0.0,0.0,0.25,0.25,26-30
Rúben Neves,Portugal,MF,29,Al-Hilal,2,55,0,0,0,0,2,0,0.0,0.0,28.0,0,0,0,0,0,0,0.0,0.0,0.0,0.0,26-30
Samu Costa,Portugal,MF,25,Mallorca,1,21,0,0,0,0,0,0,0.0,0.0,21.0,0,0,0,0,0,1,0.0,0.0,0.0,0.0,21-25
Tomás Araújo,Portugal,DF,24,Benfica,1,90,0,0,1,0,0,0,0.0,0.0,90.0,1,0,0,0,1,0,0.0,0.0,1.0,1.0,21-25
Vitinha,Portugal,MF,26,PSG,5,376,0,0,0,0,4,0,0.0,0.0,75.0,4,5,0,1,2,0,0.0,0.0,0.0,0.0,26-30
Abdulaziz Hatem,Qatar,MF,36,Unattached,1,45,0,0,0,0,0,0,0.0,0.0,45.0,1,0,0,0,0,0,0.0,0.0,0.0,0.0,36-40
Ahmed Al-Ganehi,Qatar,FW,25,Unattached,1,36,0,0,0,0,1,0,0.0,0.0,36.0,1,0,0,1,0,1,0.0,0.0,0.0,0.0,21-25
Ahmed Alaaeldin,Qatar,FW,33,Unattached,2,43,0,0,0,0,1,1,0.0,0.0,22.0,1,1,0,0,0,1,0.0,0.0,0.0,0.0,31-35
Ahmed Fathy,Qatar,MF,33,Unattached,3,150,0,0,2,0,0,0,0.0,0.0,50.0,2,1,0,0,3,3,0.0,0.0,1.2,1.2,31-35
Akram Afif,Qatar,FW,29,Unattached,3,238,0,0,0,0,2,0,0.0,0.0,79.0,0,4,2,11,0,1,0.0,0.0,0.0,0.0,26-30
Al-Hashmi Al-Hussain,Qatar,MF,22,Unattached,1,32,0,0,0,0,0,0,0.0,0.0,32.0,2,2,0,0,1,2,0.0,0.0,0.0,0.0,21-25
Almoez Ali,Qatar,FW,29,Unattached,1,19,0,0,0,0,1,1,0.0,0.0,19.0,0,0,0,0,0,0,0.0,0.0,0.0,0.0,26-30
Assim Madibo,Qatar,MF,29,Unattached,2,131,0,0,0,1,0,0,0.0,0.0,66.0,2,1,0,0,4,1,0.0,0.0,0.687,2.06,26-30
Ayoub Al-Oui,Qatar,DF,21,Unattached,2,149,0,0,0,0,0,0,0.0,0.0,75.0,1,0,0,0,2,0,0.0,0.0,0.0,0.0,21-25
Boualem Khoukhi,Qatar,DF,35,Unattached,3,270,1,0,0,0,3,1,0.33,1.0,90.0,2,1,0,2,3,3,0.3333,0.0,0.0,0.0,31-35
Edmilson Junior,Qatar,MF,31,Unattached,3,210,0,1,0,0,3,2,0.0,0.0,70.0,4,2,1,4,0,1,0.0,0.4285,0.0,0.0,31-35
Hassan Al-Haydos,Qatar,MF,35,Unattached,2,57,1,0,0,0,1,1,1.0,1.0,29.0,1,1,0,0,0,0,1.579,0.0,0.0,0.0,31-35
Homam Ahmed,Qatar,DF,26,Cultural Leonesa,2,122,0,1,0,1,1,0,0.0,0.0,61.0,4,0,0,3,3,1,0.0,0.738,0.738,2.213,26-30
Issa Laye,Qatar,MF,28,Unattached,3,270,0,0,0,0,1,0,0.0,0.0,90.0,0,3,0,0,1,1,0.0,0.0,0.0,0.0,26-30
Jassem Gaber,Qatar,MF,24,Unattached,3,149,0,0,1,0,0,0,0.0,0.0,50.0,7,0,0,0,0,2,0.0,0.0,0.604,0.604,21-25
Karim Boudiaf,Qatar,MF,35,Unattached,2,102,0,0,0,0,1,0,0.0,0.0,51.0,0,2,0,0,0,0,0.0,0.0,0.0,0.0,31-35
Lucas Mendes,Qatar,DF,35,Unattached,1,4,0,0,0,0,0,0,0.0,0.0,4.0,0,0,1,0,0,0,0.0,0.0,0.0,0.0,31-35
Mahmoud Abunada,Qatar,GK,26,Unattached,3,270,0,0,1,0,0,0,0.0,0.0,90.0,1,1,0,0,0,0,0.0,0.0,0.3333,0.3333,26-30
Mohamed Manai,Qatar,DF,23,Unattached,3,69,0,0,0,0,0,0,0.0,0.0,23.0,3,0,0,0,2,0,0.0,0.0,0.0,0.0,21-25
Ró-Ró,Qatar,DF,35,Unattached,3,270,0,0,0,0,3,1,0.0,0.0,90.0,1,7,0,2,3,4,0.0,0.0,0.0,0.0,31-35
Sultan Al-Brake,Qatar,DF,30,Unattached,2,141,0,0,0,0,0,0,0.0,0.0,71.0,2,0,0,5,2,1,0.0,0.0,0.0,0.0,26-30
Yusuf Abdurisag,Qatar,FW,26,Unattached,2,98,0,0,0,0,0,0,0.0,0.0,49.0,1,2,0,0,1,2,0.0,0.0,0.0,0.0,26-30
Abdulelah Al-Amri,Saudi Arabia,DF,29,Unattached,3,239,1,0,1,0,4,2,0.25,0.5,80.0,1,0,0,1,4,2,0.3765,0.0,0.3765,0.3765,26-30
Abdullah Al-Hamdan,Saudi Arabia,FW,26,Al-Nassr,3,71,0,0,0,0,2,2,0.0,0.0,24.0,2,0,0,1,0,0,0.0,0.0,0.0,0.0,26-30
Abdullah Al-Khaibari,Saudi Arabia,MF,29,Al-Nassr,3,180,0,0,0,0,1,0,0.0,0.0,60.0,0,2,0,0,1,1,0.0,0.0,0.0,0.0,26-30
Alaa Al Hejji,Saudi Arabia,MF,30,Neom,2,32,0,0,0,0,0,0,0.0,0.0,16.0,0,0,0,0,1,0,0.0,0.0,0.0,0.0,26-30
Ali Lajami,Saudi Arabia,DF,30,Al-Hilal,3,149,0,0,0,0,0,0,0.0,0.0,50.0,0,2,0,0,3,2,0.0,0.0,0.0,0.0,26-30
Firas Al-Buraikan,Saudi Arabia,FW,26,Al-Ahli,3,238,0,0,1,0,0,0,0.0,0.0,79.0,2,3,0,0,1,0,0.0,0.0,0.3782,0.3782,26-30
Hassan Al Tambakti,Saudi Arabia,DF,27,Al-Hilal,3,212,0,0,0,0,0,0,0.0,0.0,71.0,0,1,0,0,3,3,0.0,0.0,0.0,0.0,26-30
Khalid Al Ghannam,Saudi Arabia,MF,25,Al-Ettifaq,1,1,0,0,0,0,0,0,0.0,0.0,1.0,0,0,0,0,0,0,0.0,0.0,0.0,0.0,21-25
Mohamed Kanno,Saudi Arabia,MF,31,Al-Hilal,3,225,0,0,1,0,3,2,0.0,0.0,75.0,5,0,0,0,2,4,0.0,0.0,0.4,0.4,31-35
Mohammed Abu Al-Shamat,Saudi Arabia,MF,23,Al-Qadsiah,3,136,0,0,0,0,1,1,0.0,0.0,45.0,2,1,0,3,1,3,0.0,0.0,0.0,0.0,21-25
Mohammed Al-Owais,Saudi Arabia,GK,34,Al-Ula,3,270,0,0,0,0,0,0,0.0,0.0,90.0,0,1,0,0,0,0,0.0,0.0,0.0,0.0,31-35
Moteb Al-Harbi,Saudi Arabia,DF,26,Al-Hilal,3,188,0,0,0,0,0,0,0.0,0.0,63.0,0,4,0,1,4,1,0.0,0.0,0.0,0.0,26-30
Musab Al Juwayr,Saudi Arabia,MF,22,Al-Qadsiah,3,152,0,0,0,0,0,0,0.0,0.0,51.0,1,1,2,7,1,3,0.0,0.0,0.0,0.0,21-25
Nasser Al-Dawsari,Saudi Arabia,MF,27,Al-Hilal,3,207,0,0,1,0,1,0,0.0,0.0,69.0,7,2,0,1,4,4,0.0,0.0,0.4348,0.4348,26-30
Nawaf Boushal,Saudi Arabia,DF,26,Al-Nassr,2,91,0,0,0,0,0,0,0.0,0.0,46.0,1,1,0,0,1,0,0.0,0.0,0.0,0.0,26-30
Salem Al-Dawsari,Saudi Arabia,MF,34,Al-Hilal,3,245,0,0,1,0,3,0,0.0,0.0,82.0,3,4,1,3,1,1,0.0,0.0,0.3674,0.3674,31-35
Saud Abdulhamid,Saudi Arabia,DF,26,Lens,3,269,0,0,1,0,2,0,0.0,0.0,90.0,4,2,0,5,2,9,0.0,0.0,0.3345,0.3345,26-30
Sultan Mendash,Saudi Arabia,MF,31,Al-Hilal,1,65,0,0,0,0,0,0,0.0,0.0,65.0,1,2,0,0,0,3,0.0,0.0,0.0,0.0,31-35
Aaron Hickey,Scotland,DF,24,Brentford,1,74,0,0,1,0,0,0,0.0,0.0,74.0,2,4,0,1,1,0,0.0,0.0,1.216,1.216,21-25
Andy Robertson,Scotland,DF,32,Liverpool,3,225,0,0,1,0,0,0,0.0,0.0,75.0,3,1,0,10,2,1,0.0,0.0,0.4,0.4,31-35
Angus Gunn,Scotland,GK,30,Nottingham,3,270,0,0,0,0,0,0,0.0,0.0,90.0,0,0,0,0,0,1,0.0,0.0,0.0,0.0,26-30
Anthony Ralston,Scotland,DF,27,Celtic,2,11,0,0,0,0,1,1,0.0,0.0,6.0,2,0,0,1,0,0,0.0,0.0,0.0,0.0,26-30
Ben Gannon-Doak,Scotland,MF,20,Bournemouth,3,186,0,0,0,0,4,0,0.0,0.0,62.0,3,1,0,6,0,1,0.0,0.0,0.0,0.0,16-20
Ché Adams,Scotland,FW,29,Torino,3,145,0,0,0,0,1,1,0.0,0.0,48.0,4,2,0,0,0,1,0.0,0.0,0.0,0.0,26-30
Findlay Curtis,Scotland,MF,19,Kilmarnock,2,9,0,0,1,0,0,0,0.0,0.0,5.0,1,0,0,1,0,0,0.0,0.0,10.0,10.0,16-20
Grant Hanley,Scotland,DF,34,Hibernian,2,180,0,0,0,0,0,0,0.0,0.0,90.0,1,0,1,0,1,2,0.0,0.0,0.0,0.0,31-35
Jack Hendry,Scotland,DF,31,Al-Ettifaq,3,270,0,0,0,0,0,0,0.0,0.0,90.0,1,3,0,0,0,2,0.0,0.0,0.0,0.0,31-35
John McGinn,Scotland,MF,31,Aston Villa,3,259,1,0,0,0,3,1,0.33,1.0,86.0,2,11,0,10,0,0,0.3474,0.0,0.0,0.0,31-35
Kenny McLean,Scotland,MF,34,Norwich City,3,118,0,0,1,0,1,0,0.0,0.0,39.0,1,1,0,2,2,1,0.0,0.0,0.7627,0.7627,31-35
Kieran Tierney,Scotland,MF,29,Celtic,2,104,0,0,0,0,2,0,0.0,0.0,52.0,3,2,0,7,2,1,0.0,0.0,0.0,0.0,26-30
Lawrence Shankland,Scotland,FW,30,Hearts,2,171,0,0,0,0,4,0,0.0,0.0,86.0,5,3,1,0,0,1,0.0,0.0,0.0,0.0,26-30
Lewis Ferguson,Scotland,MF,26,Bologna,3,270,0,0,0,0,2,1,0.0,0.0,90.0,5,10,0,9,4,7,0.0,0.0,0.0,0.0,26-30
Lyndon Dykes,Scotland,FW,30,Charlton Athletic,2,36,0,0,0,0,1,0,0.0,0.0,18.0,2,0,0,1,0,0,0.0,0.0,0.0,0.0,26-30
Nathan Patterson,Scotland,DF,24,Everton,3,185,0,0,0,0,0,0,0.0,0.0,62.0,2,0,0,1,3,2,0.0,0.0,0.0,0.0,21-25
Ross Stewart,Scotland,FW,29,Southampton,1,2,0,0,0,0,0,0,0.0,0.0,2.0,0,0,0,0,0,0,0.0,0.0,0.0,0.0,26-30
Ryan Christie,Scotland,MF,31,Bournemouth,3,95,0,0,1,0,2,0,0.0,0.0,32.0,2,1,0,1,2,3,0.0,0.0,0.9473,0.9473,31-35
Scott McKenna,Scotland,DF,29,Dinamo Zagreb,1,90,0,0,0,0,0,0,0.0,0.0,90.0,0,0,0,0,0,0,0.0,0.0,0.0,0.0,26-30
Scott McTominay,Scotland,MF,29,Napoli,3,270,0,0,0,0,8,3,0.0,0.0,90.0,3,0,0,0,0,2,0.0,0.0,0.0,0.0,26-30
Abdoulaye Seck,Senegal,DF,34,Unattached,1,57,0,1,1,0,2,0,0.0,0.0,57.0,1,1,0,0,0,0,0.0,1.579,1.579,1.579,31-35
Assane Diao,Senegal,MF,20,Como,1,10,0,0,0,0,0,0,0.0,0.0,10.0,0,0,0,0,0,1,0.0,0.0,0.0,0.0,16-20
Bamba Dieng,Senegal,FW,26,Lorient,1,8,0,0,0,0,0,0,0.0,0.0,8.0,0,0,0,0,0,0,0.0,0.0,0.0,0.0,26-30
Bara Sapoko Ndiaye,Senegal,MF,18,Bayern Munich,1,26,0,0,0,0,1,1,0.0,0.0,26.0,0,2,0,0,0,0,0.0,0.0,0.0,0.0,16-20
El Hadji Malick Diouf,Senegal,DF,21,West Ham,3,171,0,0,0,0,0,0,0.0,0.0,57.0,2,0,0,8,1,1,0.0,0.0,0.0,0.0,21-25
Habib Diarra,Senegal,MF,22,Sunderland,3,143,2,0,0,0,4,2,0.5,1.0,48.0,2,2,0,1,1,2,1.259,0.0,0.0,0.0,21-25
Ibrahim Mbaye,Senegal,MF,18,PSG,4,157,1,0,0,0,4,1,0.25,1.0,39.0,0,2,0,9,1,0,0.573,0.0,0.0,0.0,16-20
Idrissa Gueye,Senegal,MF,36,Everton,4,361,0,0,0,0,5,1,0.0,0.0,90.0,2,2,0,1,2,4,0.0,0.0,0.0,0.0,36-40
Iliman Ndiaye,Senegal,FW,26,Everton,3,114,1,2,0,0,3,2,0.33,0.5,38.0,2,1,0,2,2,0,0.7896,1.579,0.0,0.0,26-30
Ismail Jakobs,Senegal,DF,26,Galatasaray,3,219,0,0,0,0,1,0,0.0,0.0,73.0,2,0,0,18,2,2,0.0,0.0,0.0,0.0,26-30
Ismaila Sarr,Senegal,MF,28,Crystal Palace,4,364,4,1,0,0,17,6,0.24,0.6665,91.0,1,9,2,2,2,1,0.989,0.2472,0.0,0.0,26-30
Kalidou Koulibaly,Senegal,DF,34,Al-Hilal,2,161,0,0,0,0,0,0,0.0,0.0,81.0,0,0,0,0,2,1,0.0,0.0,0.0,0.0,31-35
Krépin Diatta,Senegal,DF,27,Monaco,4,390,0,0,0,0,1,0,0.0,0.0,98.0,4,6,0,12,3,10,0.0,0.0,0.0,0.0,26-30
Lamine Camara,Senegal,MF,22,Monaco,4,248,0,1,1,0,3,0,0.0,0.0,62.0,5,3,0,7,2,1,0.0,0.3628,0.3628,0.3628,21-25
Mory Diaw,Senegal,GK,32,Le Havre,3,238,0,0,0,0,0,0,0.0,0.0,79.0,0,2,0,0,0,0,0.0,0.0,0.0,0.0,31-35
Moussa Niakhaté,Senegal,DF,30,Lyon,4,390,0,1,0,0,1,0,0.0,0.0,98.0,3,6,0,2,4,1,0.0,0.2307,0.0,0.0,26-30
Nicolas Jackson,Senegal,FW,24,Bayern Munich,4,234,0,1,0,0,7,3,0.0,0.0,59.0,2,0,5,1,1,2,0.0,0.3845,0.0,0.0,21-25
Pape Gueye,Senegal,MF,27,Villarreal,4,234,2,1,1,0,8,3,0.25,0.6665,59.0,4,2,0,3,4,1,0.769,0.3845,0.3845,0.3845,26-30
Pape Matar Sarr,Senegal,MF,23,Tottenham,2,67,0,0,0,0,4,0,0.0,0.0,34.0,1,0,0,0,1,0,0.0,0.0,0.0,0.0,21-25
Pathé Ciss,Senegal,DF,32,Rayo Vallecano,4,184,0,0,0,0,2,1,0.0,0.0,46.0,1,0,0,0,0,0,0.0,0.0,0.0,0.0,31-35
Sadio Mané,Senegal,MF,34,Al-Nassr,4,362,0,1,0,0,6,3,0.0,0.0,91.0,4,10,3,13,3,2,0.0,0.2487,0.0,0.0,31-35
Édouard Mendy,Senegal,GK,34,Al-Ahli,2,152,0,0,0,0,0,0,0.0,0.0,76.0,0,0,0,0,0,0,0.0,0.0,0.0,0.0,31-35
Aubrey Modiba,South Africa,DF,30,Sundowns,4,346,0,0,1,0,5,1,0.0,0.0,87.0,4,6,2,11,4,5,0.0,0.0,0.26,0.26,26-30
Evidence Makgopa,South Africa,FW,26,Orlando Pirates,4,215,0,0,0,0,4,3,0.0,0.0,54.0,1,1,2,0,1,1,0.0,0.0,0.0,0.0,26-30
Ime Okon,South Africa,DF,22,Hannover 96,4,360,0,0,0,0,1,0,0.0,0.0,90.0,1,0,0,0,5,2,0.0,0.0,0.0,0.0,21-25
Iqraam Rayners,South Africa,FW,30,Sundowns,4,161,0,0,0,0,1,0,0.0,0.0,40.0,1,1,2,2,0,0,0.0,0.0,0.0,0.0,26-30
Jayden Adams,South Africa,MF,25,Sundowns,3,116,0,0,0,0,0,0,0.0,0.0,39.0,0,0,0,0,2,0,0.0,0.0,0.0,0.0,21-25
Kamogelo Sebelebele,South Africa,DF,23,Orlando Pirates,1,7,0,0,0,0,0,0,0.0,0.0,7.0,1,0,0,1,0,0,0.0,0.0,0.0,0.0,21-25
Khuliso Mudau,South Africa,DF,31,Sundowns,4,360,0,0,0,0,0,0,0.0,0.0,90.0,4,10,1,3,11,8,0.0,0.0,0.0,0.0,31-35
Lyle Foster,South Africa,FW,25,Burnley,1,55,0,0,0,0,1,0,0.0,0.0,55.0,0,1,0,0,0,0,0.0,0.0,0.0,0.0,21-25
Mbekezeli Mbokazi,South Africa,DF,20,Chicago Fire,4,360,0,0,0,0,4,1,0.0,0.0,90.0,3,5,1,3,4,5,0.0,0.0,0.0,0.0,16-20
Nkosinathi Sibisi,South Africa,DF,30,Orlando Pirates,1,90,0,0,1,0,0,0,0.0,0.0,90.0,1,0,0,0,1,0,0.0,0.0,1.0,1.0,26-30
Oswin Appollis,South Africa,MF,24,Orlando Pirates,4,255,0,0,0,0,4,1,0.0,0.0,64.0,1,2,0,8,1,3,0.0,0.0,0.0,0.0,21-25
Relebohile Mofokeng,South Africa,MF,21,Orlando Pirates,3,169,0,0,0,0,3,1,0.0,0.0,56.0,3,2,0,2,0,2,0.0,0.0,0.0,0.0,21-25
Ronwen Williams,South Africa,GK,34,Sundowns,4,360,0,0,0,0,0,0,0.0,0.0,90.0,0,0,0,0,1,0,0.0,0.0,0.0,0.0,31-35
Sphephelo Sithole,South Africa,MF,27,Tondela,3,229,0,0,0,1,0,0,0.0,0.0,76.0,5,1,0,0,5,5,0.0,0.0,0.393,1.179,26-30
Teboho Mokoena,South Africa,MF,29,Sundowns,3,270,1,0,2,0,4,2,0.0,0.5,90.0,3,6,0,5,5,3,0.3333,0.0,0.6665,0.6665,26-30
Thalente Mbatha,South Africa,MF,26,Orlando Pirates,4,260,0,0,1,0,4,1,0.0,0.0,65.0,4,0,0,4,5,2,0.0,0.0,0.3462,0.3462,26-30
Thapelo Maseko,South Africa,MF,22,Unattached,3,242,1,0,0,0,8,1,0.13,1.0,81.0,4,10,0,2,2,1,0.3718,0.0,0.0,0.0,21-25
Themba Zwane,South Africa,FW,36,Sundowns,1,23,0,0,0,1,0,0,0.0,0.0,23.0,1,0,0,0,0,0,0.0,0.0,3.912,11.74,36-40
Tshepang Moremi,South Africa,MF,25,Orlando Pirates,2,34,0,1,0,0,0,0,0.0,0.0,17.0,1,1,0,0,0,1,0.0,2.646,0.0,0.0,21-25
Aymeric Laporte,Spain,DF,32,Athletic Club,8,727,0,1,1,0,5,2,0.0,0.0,91.0,5,4,0,1,14,3,0.0,0.1238,0.1238,0.1238,31-35
Borja Iglesias,Spain,FW,33,Celta Vigo,1,1,0,0,0,0,0,0,0.0,0.0,1.0,0,0,0,0,0,0,0.0,0.0,0.0,0.0,31-35
Dani Olmo,Spain,MF,28,Barcelona,8,491,0,2,0,0,13,2,0.0,0.0,61.0,6,10,0,1,1,5,0.0,0.3667,0.0,0.0,26-30
Eric García,Spain,DF,25,Barcelona,1,22,0,0,0,0,0,0,0.0,0.0,22.0,1,0,0,0,1,0,0.0,0.0,0.0,0.0,21-25
Fabián Ruiz Peña,Spain,MF,30,PSG,8,321,1,0,0,0,8,2,0.13,0.5,40.0,1,3,0,9,4,3,0.2803,0.0,0.0,0.0,26-30
Ferran Torres,Spain,FW,26,Barcelona,8,288,1,1,1,0,14,4,0.07,0.25,36.0,6,4,3,4,0,0,0.3125,0.3125,0.3125,0.3125,26-30
Gavi,Spain,FW,21,Barcelona,2,76,0,0,0,0,1,0,0.0,0.0,38.0,2,1,0,2,1,2,0.0,0.0,0.0,0.0,21-25
Lamine Yamal,Spain,MF,18,Barcelona,8,614,1,0,0,0,27,12,0.04,0.0833,77.0,14,9,7,34,2,9,0.1466,0.0,0.0,0.0,16-20
Marc Cucurella,Spain,DF,27,Chelsea,8,750,0,2,1,0,5,3,0.0,0.0,94.0,8,5,4,13,7,4,0.0,0.24,0.12,0.12,26-30
Marc Pubill,Spain,DF,22,Atlético Madrid,1,1,0,0,0,0,0,0,0.0,0.0,1.0,0,0,0,0,0,0,0.0,0.0,0.0,0.0,21-25
Marcos Llorente,Spain,DF,31,Atlético Madrid,3,187,0,1,0,0,0,0,0.0,0.0,62.0,2,1,0,4,1,6,0.0,0.4812,0.0,0.0,31-35
Martín Zubimendi,Spain,MF,27,Arsenal,1,22,0,0,0,0,0,0,0.0,0.0,22.0,0,0,0,0,1,0,0.0,0.0,0.0,0.0,26-30
Mikel Merino,Spain,MF,29,Arsenal,8,199,2,0,0,0,5,3,0.4,0.6665,25.0,6,8,0,1,3,2,0.9043,0.0,0.0,0.0,26-30
Mikel Oyarzabal,Spain,FW,29,Real Sociedad,8,601,5,1,0,0,23,12,0.17,0.4167,75.0,4,5,1,3,1,5,0.7485,0.1498,0.0,0.0,26-30
Nico Williams,Spain,MF,23,Athletic Club,6,113,0,1,0,0,4,2,0.0,0.0,19.0,2,1,1,9,1,1,0.0,0.7964,0.0,0.0,21-25
Pau Cubarsí,Spain,DF,19,Barcelona,8,750,0,0,1,0,4,2,0.0,0.0,94.0,4,5,0,1,4,4,0.0,0.0,0.12,0.12,16-20
Pedri,Spain,MF,23,Barcelona,8,499,0,0,1,0,5,2,0.0,0.0,62.0,4,5,1,13,10,8,0.0,0.0,0.1804,0.1804,21-25
Pedro Porro,Spain,DF,26,Tottenham,6,563,2,0,0,0,7,3,0.29,0.6665,94.0,10,9,0,24,8,11,0.3198,0.0,0.0,0.0,26-30
Rodri,Spain,MF,29,Manchester City,8,724,0,0,0,0,7,0,0.0,0.0,91.0,11,9,1,4,3,20,0.0,0.0,0.0,0.0,26-30
Unai Simón,Spain,GK,29,Athletic Club,8,750,0,0,0,0,0,0,0.0,0.0,94.0,0,3,0,0,0,0,0.0,0.0,0.0,0.0,26-30
Yéremy Pino,Spain,FW,23,Crystal Palace,2,70,0,0,0,0,0,0,0.0,0.0,35.0,2,0,1,1,0,0,0.0,0.0,0.0,0.0,21-25
Álex Baena,Spain,MF,24,Atlético Madrid,7,481,1,1,1,0,12,5,0.08,0.2,69.0,13,7,2,41,2,5,0.1871,0.1871,0.1871,0.1871,21-25
Alexander Bernhardsson,Sweden,MF,27,Holstein Kiel,3,217,0,0,0,0,1,1,0.0,0.0,72.0,2,4,0,3,2,2,0.0,0.0,0.0,0.0,26-30
Alexander Isak,Sweden,FW,26,Liverpool,4,357,1,3,0,0,8,6,0.13,0.1666,89.0,4,1,5,3,0,2,0.2522,0.7563,0.0,0.0,26-30
Anthony Elanga,Sweden,MF,24,Newcastle,4,217,2,0,0,0,3,3,0.67,0.6665,54.0,0,7,1,12,2,0,0.8296,0.0,0.0,0.0,21-25
Benjamin Nygren,Sweden,MF,24,Celtic,4,130,0,0,0,0,1,0,0.0,0.0,33.0,3,0,0,5,0,0,0.0,0.0,0.0,0.0,21-25
Besfort Zeneli,Sweden,MF,23,Union SG,2,60,0,0,0,0,1,1,0.0,0.0,30.0,1,0,0,1,1,0,0.0,0.0,0.0,0.0,21-25
Carl Starfelt,Sweden,DF,31,Celta Vigo,1,4,0,0,0,0,0,0,0.0,0.0,4.0,0,0,0,0,0,0,0.0,0.0,0.0,0.0,31-35
Daniel Svensson,Sweden,DF,24,Dortmund,3,98,0,0,0,0,1,0,0.0,0.0,33.0,0,0,1,2,1,2,0.0,0.0,0.0,0.0,21-25
Elliot Stroud,Sweden,MF,23,Mjällby,4,166,0,0,0,0,1,0,0.0,0.0,42.0,3,1,0,4,3,0,0.0,0.0,0.0,0.0,21-25
Gabriel Gudmundsson,Sweden,MF,27,Leeds United,4,330,0,0,1,0,0,0,0.0,0.0,83.0,5,7,0,4,5,3,0.0,0.0,0.2727,0.2727,26-30
Gustaf Lagerbielke,Sweden,DF,26,Braga,4,360,0,0,0,0,3,1,0.0,0.0,90.0,1,3,1,1,5,5,0.0,0.0,0.0,0.0,26-30
Gustaf Nilsson,Sweden,FW,29,Club Brugge,1,2,0,0,0,0,1,0,0.0,0.0,2.0,0,0,0,0,0,0,0.0,0.0,0.0,0.0,26-30
Isak Hien,Sweden,DF,27,Atalanta,3,216,0,0,1,0,0,0,0.0,0.0,72.0,3,3,0,0,1,3,0.0,0.0,0.4167,0.4167,26-30
Jacob Widell Zetterström,Sweden,GK,27,Derby County,2,180,0,0,0,0,0,0,0.0,0.0,90.0,0,0,0,0,0,0,0.0,0.0,0.0,0.0,26-30
Jesper Karlström,Sweden,MF,30,Udinese,2,138,0,0,0,0,1,0,0.0,0.0,69.0,3,0,0,0,1,3,0.0,0.0,0.0,0.0,26-30
Ken Sema,Sweden,FW,32,Unattached,1,16,0,0,0,0,1,0,0.0,0.0,16.0,0,1,0,0,0,1,0.0,0.0,0.0,0.0,31-35
Kristoffer Nordfeldt,Sweden,GK,36,AIK Stockholm,2,180,0,0,0,0,0,0,0.0,0.0,90.0,0,0,0,0,0,0,0.0,0.0,0.0,0.0,36-40
Lucas Bergvall,Sweden,MF,20,Tottenham,4,181,0,1,1,0,2,0,0.0,0.0,45.0,7,4,0,3,2,2,0.0,0.4973,0.4973,0.4973,16-20
Mattias Svanberg,Sweden,MF,27,Wolfsburg,2,16,1,0,0,0,3,2,0.33,0.5,8.0,0,1,0,0,1,1,5.625,0.0,0.0,0.0,26-30
Taha Ali,Sweden,FW,27,Malmö,2,37,0,0,0,0,0,0,0.0,0.0,19.0,0,2,0,1,0,0,0.0,0.0,0.0,0.0,26-30
Victor Lindelöf,Sweden,DF,31,Aston Villa,4,356,0,0,0,0,2,0,0.0,0.0,89.0,3,0,0,0,4,1,0.0,0.0,0.0,0.0,31-35
Viktor Gyökeres,Sweden,FW,28,Arsenal,4,360,1,2,1,0,12,6,0.08,0.1666,90.0,4,7,1,1,0,1,0.25,0.5,0.25,0.25,26-30
Yasin Ayari,Sweden,MF,22,Brighton,4,339,2,0,1,0,7,3,0.29,0.6665,85.0,4,8,0,19,3,4,0.531,0.0,0.2654,0.2654,21-25
Ardon Jashari,Switzerland,MF,23,Milan,3,72,0,0,0,0,2,0,0.0,0.0,24.0,2,1,0,1,0,0,0.0,0.0,0.0,0.0,21-25
Breel Embolo,Switzerland,FW,29,Rennes,6,501,2,2,2,1,10,5,0.1,0.4,84.0,9,11,4,1,2,0,0.3594,0.3594,0.539,0.8984,26-30
Cedric Itten,Switzerland,FW,29,Düsseldorf,3,42,0,0,0,0,0,0,0.0,0.0,14.0,4,2,0,1,0,0,0.0,0.0,0.0,0.0,26-30
Christian Fassnacht,Switzerland,FW,32,Young Boys,1,6,0,0,0,0,0,0,0.0,0.0,6.0,0,0,0,0,0,1,0.0,0.0,0.0,0.0,31-35
Dan Ndoye,Switzerland,MF,25,Nottingham,6,406,2,0,0,0,16,8,0.13,0.25,68.0,5,16,4,11,4,5,0.4434,0.0,0.0,0.0,21-25
Denis Zakaria,Switzerland,DF,29,Monaco,4,357,0,0,2,0,5,2,0.0,0.0,89.0,4,0,1,13,9,5,0.0,0.0,0.5044,0.5044,26-30
Djibril Sow,Switzerland,MF,29,Sevilla,4,253,0,0,0,0,2,1,0.0,0.0,63.0,5,4,0,3,2,1,0.0,0.0,0.0,0.0,26-30
Eray Cömert,Switzerland,DF,28,Valencia,1,31,0,0,0,0,0,0,0.0,0.0,31.0,0,0,0,0,0,0,0.0,0.0,0.0,0.0,26-30
Fabian Rieder,Switzerland,MF,24,Augsburg,5,302,0,0,0,0,7,2,0.0,0.0,60.0,3,6,0,13,1,3,0.0,0.0,0.0,0.0,21-25
Granit Xhaka,Switzerland,MF,33,Sunderland,6,600,1,0,2,0,9,2,0.0,0.5,100.0,4,12,0,4,4,4,0.15,0.0,0.3,0.3,31-35
Gregor Kobel,Switzerland,GK,28,Dortmund,6,600,0,0,0,0,0,0,0.0,0.0,100.0,0,3,0,0,0,0,0.0,0.0,0.0,0.0,26-30
Johan Manzambi,Switzerland,MF,20,Freiburg,4,199,3,2,0,0,6,3,0.5,1.0,50.0,3,3,1,3,0,0,1.356,0.9043,0.0,0.0,16-20
Luca Jaquez,Switzerland,DF,23,Stuttgart,2,78,0,0,0,0,0,0,0.0,0.0,39.0,3,1,0,2,1,0,0.0,0.0,0.0,0.0,21-25
Manuel Akanji,Switzerland,DF,30,Inter,6,600,0,0,0,0,1,1,0.0,0.0,100.0,4,4,0,0,6,9,0.0,0.0,0.0,0.0,26-30
Michel Aebischer,Switzerland,MF,29,Pisa,4,156,0,0,0,0,2,1,0.0,0.0,39.0,3,2,0,6,0,1,0.0,0.0,0.0,0.0,26-30
Miro Muheim,Switzerland,DF,28,Hamburger SV,3,87,0,0,1,0,0,0,0.0,0.0,29.0,1,3,0,2,2,1,0.0,0.0,1.034,1.034,26-30
Nico Elvedi,Switzerland,DF,29,Gladbach,6,600,0,0,1,0,3,0,0.0,0.0,100.0,5,6,0,0,6,2,0.0,0.0,0.15,0.15,26-30
Noah Okafor,Switzerland,FW,26,Leeds United,1,20,0,0,0,0,1,0,0.0,0.0,20.0,0,0,0,0,0,1,0.0,0.0,0.0,0.0,26-30
Remo Freuler,Switzerland,MF,34,Bologna,6,592,0,0,0,0,2,1,0.0,0.0,99.0,8,3,1,5,8,5,0.0,0.0,0.0,0.0,31-35
Ricardo Rodríguez,Switzerland,DF,33,Real Betis,6,517,0,1,0,0,1,0,0.0,0.0,86.0,11,2,0,19,4,7,0.0,0.1741,0.0,0.0,31-35
Ruben Vargas,Switzerland,MF,27,Sevilla,6,284,2,1,0,0,6,4,0.33,0.5,47.0,6,6,2,23,2,2,0.634,0.317,0.0,0.0,26-30
Silvan Widmer,Switzerland,DF,33,Mainz 05,5,175,0,0,0,0,0,0,0.0,0.0,35.0,2,0,0,4,1,4,0.0,0.0,0.0,0.0,31-35
Zeki Amdouni,Switzerland,FW,25,Burnley,4,73,0,0,0,0,1,0,0.0,0.0,18.0,5,4,0,0,0,1,0.0,0.0,0.0,0.0,21-25
Ali Abdi,Tunisia,DF,32,Nice,3,269,0,0,0,0,1,0,0.0,0.0,90.0,4,1,0,4,4,8,0.0,0.0,0.0,0.0,31-35
Anis Ben Slimane,Tunisia,MF,25,Norwich City,3,240,0,0,0,0,1,1,0.0,0.0,80.0,0,0,2,6,2,2,0.0,0.0,0.0,0.0,21-25
Aymen Dahmen,Tunisia,GK,29,Unattached,2,180,0,0,0,0,0,0,0.0,0.0,90.0,0,1,0,0,0,0,0.0,0.0,0.0,0.0,26-30
Dylan Bronn,Tunisia,DF,30,Servette FC,1,45,0,0,0,0,0,0,0.0,0.0,45.0,1,0,0,0,1,0,0.0,0.0,0.0,0.0,26-30
Elias Achouri,Tunisia,FW,27,FC Copenhagen,3,43,0,0,0,0,3,1,0.0,0.0,14.0,0,1,1,0,0,2,0.0,0.0,0.0,0.0,26-30
Elias Saad,Tunisia,MF,26,Hannover 96,2,116,0,0,0,0,1,0,0.0,0.0,58.0,1,3,1,2,0,1,0.0,0.0,0.0,0.0,26-30
Ellyes Skhiri,Tunisia,MF,31,Frankfurt,3,250,0,0,0,0,0,0,0.0,0.0,83.0,0,1,0,0,2,1,0.0,0.0,0.0,0.0,31-35
Firas Chaouat,Tunisia,FW,30,Unattached,3,49,0,0,0,0,0,0,0.0,0.0,16.0,1,2,3,0,0,0,0.0,0.0,0.0,0.0,26-30
Hadj Mahmoud,Tunisia,MF,26,Lugano,2,43,0,0,0,0,0,0,0.0,0.0,22.0,2,0,0,0,0,2,0.0,0.0,0.0,0.0,26-30
Hannibal Mejbri,Tunisia,MF,23,Burnley,3,270,0,2,0,0,3,1,0.0,0.0,90.0,4,15,0,10,1,4,0.0,0.6665,0.0,0.0,21-25
Hazem Mastouri,Tunisia,FW,28,D. Makhachkala,1,89,1,0,0,0,3,2,0.33,0.5,89.0,2,2,0,1,1,0,1.012,0.0,0.0,0.0,26-30
Ismaël Gharbi,Tunisia,MF,22,Augsburg,3,127,0,0,0,0,3,0,0.0,0.0,42.0,0,2,0,1,1,1,0.0,0.0,0.0,0.0,21-25
Mohamed Amine Ben Hamida,Tunisia,DF,30,Unattached,3,202,0,0,0,0,0,0,0.0,0.0,67.0,3,1,0,1,1,9,0.0,0.0,0.0,0.0,26-30
Montassar Talbi,Tunisia,DF,28,Lorient,3,270,0,0,0,0,1,0,0.0,0.0,90.0,1,1,0,0,5,2,0.0,0.0,0.0,0.0,26-30
Mortadha Ben Ouanes,Tunisia,DF,31,Kasımpaşa,1,23,0,0,0,0,0,0,0.0,0.0,23.0,0,1,0,0,0,0,0.0,0.0,0.0,0.0,31-35
Mouhib Chamakh,Tunisia,GK,24,Unattached,1,90,0,0,0,0,0,0,0.0,0.0,90.0,0,0,0,0,0,0,0.0,0.0,0.0,0.0,21-25
Omar Rekik,Tunisia,DF,24,Unattached,2,180,1,0,0,0,1,1,1.0,1.0,90.0,0,1,1,1,3,2,0.5,0.0,0.0,0.0,21-25
Rani Khedira,Tunisia,MF,32,Union Berlin,3,149,0,0,1,0,1,0,0.0,0.0,50.0,3,0,0,0,2,1,0.0,0.0,0.604,0.604,31-35
Sebastian Tounekti,Tunisia,FW,23,Celtic,3,84,0,0,0,0,0,0,0.0,0.0,28.0,1,0,0,3,0,0,0.0,0.0,0.0,0.0,21-25
Yan Valery,Tunisia,DF,27,Young Boys,3,251,0,0,0,0,0,0,0.0,0.0,84.0,4,0,1,7,4,1,0.0,0.0,0.0,0.0,26-30
Abdülkerim Bardakcı,Türkiye,DF,31,Galatasaray,3,265,0,0,0,0,3,1,0.0,0.0,88.0,1,3,0,7,2,5,0.0,0.0,0.0,0.0,31-35
Arda Güler,Türkiye,MF,21,Real Madrid,3,270,1,0,0,0,12,4,0.08,0.25,90.0,3,10,2,14,2,3,0.3333,0.0,0.0,0.0,21-25
Barış Alper Yılmaz,Türkiye,MF,26,Galatasaray,3,179,1,1,0,0,2,1,0.5,1.0,60.0,4,1,2,15,0,0,0.503,0.503,0.0,0.0,26-30
Can Uzun,Türkiye,MF,20,Frankfurt,2,38,0,1,0,0,4,1,0.0,0.0,19.0,0,1,0,0,0,0,0.0,2.37,0.0,0.0,16-20
Deniz Gül,Türkiye,FW,21,Porto,2,37,0,0,0,0,2,1,0.0,0.0,19.0,2,0,0,0,0,0,0.0,0.0,0.0,0.0,21-25
Eren Elmalı,Türkiye,DF,25,Galatasaray,2,111,0,0,1,0,0,0,0.0,0.0,56.0,2,1,0,1,2,1,0.0,0.0,0.811,0.811,21-25
Ferdi Kadioglu,Türkiye,DF,26,Brighton,2,159,0,0,0,0,1,0,0.0,0.0,80.0,0,3,0,4,1,2,0.0,0.0,0.0,0.0,26-30
Hakan Çalhanoğlu,Türkiye,MF,32,Inter,2,180,0,0,0,0,11,2,0.0,0.0,90.0,2,1,0,10,1,3,0.0,0.0,0.0,0.0,31-35
Kaan Ayhan,Türkiye,DF,31,Galatasaray,1,3,1,0,0,0,1,1,1.0,1.0,3.0,0,0,0,0,0,0,30.0,0.0,0.0,0.0,31-35
Kenan Yıldız,Türkiye,MF,21,Juventus,3,218,0,0,0,0,14,1,0.0,0.0,73.0,2,4,0,6,1,2,0.0,0.0,0.0,0.0,21-25
Kerem Aktürkoğlu,Türkiye,FW,27,Fenerbahçe,2,129,0,0,0,0,3,1,0.0,0.0,65.0,0,2,0,1,0,1,0.0,0.0,0.0,0.0,26-30
Merih Demiral,Türkiye,DF,28,Al-Ahli,2,180,0,0,0,0,6,2,0.0,0.0,90.0,2,1,3,1,1,1,0.0,0.0,0.0,0.0,26-30
Mert Müldür,Türkiye,DF,27,Fenerbahçe,3,101,0,0,0,0,3,0,0.0,0.0,34.0,1,2,0,6,1,2,0.0,0.0,0.0,0.0,26-30
Orkun Kökçü,Türkiye,MF,25,Beşiktaş,3,153,0,1,0,0,3,0,0.0,0.0,51.0,2,4,0,6,0,1,0.0,0.5884,0.0,0.0,21-25
Ozan Kabak,Türkiye,DF,26,Hoffenheim,1,90,0,0,0,0,0,0,0.0,0.0,90.0,3,0,0,1,0,2,0.0,0.0,0.0,0.0,26-30
Oğuz Aydın,Türkiye,DF,25,Fenerbahçe,1,89,0,0,0,0,0,0,0.0,0.0,89.0,0,2,0,3,0,6,0.0,0.0,0.0,0.0,21-25
Salih Özcan,Türkiye,MF,28,Dortmund,2,100,0,0,0,0,0,0,0.0,0.0,50.0,2,2,0,1,4,1,0.0,0.0,0.0,0.0,26-30
Uğurcan Çakır,Türkiye,GK,30,Galatasaray,3,270,0,0,0,0,0,0,0.0,0.0,90.0,0,0,0,0,0,0,0.0,0.0,0.0,0.0,26-30
Yunus Akgün,Türkiye,MF,25,Galatasaray,2,88,0,0,1,0,0,0,0.0,0.0,44.0,2,1,0,2,0,0,0.0,0.0,1.022,1.022,21-25
Zeki Çelik,Türkiye,DF,29,Roma,2,163,0,0,0,0,1,1,0.0,0.0,82.0,1,0,0,1,1,3,0.0,0.0,0.0,0.0,26-30
Çağlar Söyüncü,Türkiye,DF,30,Fenerbahçe,1,7,0,0,0,0,0,0,0.0,0.0,7.0,0,0,0,0,0,0,0.0,0.0,0.0,0.0,26-30
İrfan Can Kahveci,Türkiye,MF,30,Kasımpaşa,1,1,0,0,0,0,0,0,0.0,0.0,1.0,0,0,0,0,0,1,0.0,0.0,0.0,0.0,26-30
İsmail Yüksek,Türkiye,MF,27,Fenerbahçe,2,139,0,0,0,0,5,0,0.0,0.0,70.0,2,0,0,0,2,5,0.0,0.0,0.0,0.0,26-30
Alejandro Zendejas,United States,FW,28,América,1,14,0,0,0,0,1,0,0.0,0.0,14.0,1,0,0,1,0,1,0.0,0.0,0.0,0.0,26-30
Alex Freeman,United States,DF,21,Villarreal,5,374,1,1,0,0,4,1,0.25,1.0,75.0,1,1,0,4,7,6,0.2406,0.2406,0.0,0.0,21-25
Antonee Robinson,United States,DF,28,Fulham,4,348,0,0,1,0,0,0,0.0,0.0,87.0,4,1,0,18,6,4,0.0,0.0,0.2585,0.2585,26-30
Auston Trusty,United States,DF,27,Celtic,2,101,1,0,0,0,3,2,0.33,0.5,51.0,2,0,0,2,4,1,0.891,0.0,0.0,0.0,26-30
Brenden Aaronson,United States,MF,25,Leeds United,1,76,0,0,0,0,3,1,0.0,0.0,76.0,2,1,0,1,0,1,0.0,0.0,0.0,0.0,21-25
Chris Richards,United States,DF,26,Crystal Palace,4,360,0,0,1,0,1,0,0.0,0.0,90.0,8,3,0,0,4,3,0.0,0.0,0.25,0.25,26-30
Christian Pulisic,United States,MF,27,Milan,4,223,0,1,0,0,4,2,0.0,0.0,56.0,1,8,2,4,0,1,0.0,0.4036,0.0,0.0,26-30
Folarin Balogun,United States,FW,24,Monaco,4,312,3,0,1,1,14,5,0.21,0.6,78.0,3,8,3,0,1,0,0.865,0.0,0.577,1.154,21-25
Gio Reyna,United States,MF,23,Gladbach,5,131,1,0,0,0,2,1,0.5,1.0,26.0,1,3,0,1,0,0,0.687,0.0,0.0,0.0,21-25
Haji Wright,United States,FW,28,Coventry City,2,2,0,0,0,0,0,0,0.0,0.0,1.0,0,0,1,0,0,0,0.0,0.0,0.0,0.0,26-30
Joe Scally,United States,DF,23,Gladbach,2,87,0,0,0,0,0,0,0.0,0.0,44.0,0,2,1,4,1,1,0.0,0.0,0.0,0.0,21-25
Malik Tillman,United States,MF,24,Leverkusen,5,356,2,1,1,0,8,4,0.25,0.5,71.0,3,13,0,14,5,7,0.506,0.253,0.253,0.253,21-25
Mark McKenzie,United States,DF,27,Toulouse,1,90,0,0,0,0,0,0,0.0,0.0,90.0,1,1,0,0,1,1,0.0,0.0,0.0,0.0,26-30
Matt Freese,United States,GK,27,NYCFC,4,360,0,0,0,0,0,0,0.0,0.0,90.0,0,2,0,0,0,0,0.0,0.0,0.0,0.0,26-30
Matt Turner,United States,GK,31,NE Revolution,1,90,0,0,0,0,0,0,0.0,0.0,90.0,0,0,0,0,0,0,0.0,0.0,0.0,0.0,31-35
Max Arfsten,United States,MF,25,Columbus Crew,1,1,0,0,0,0,0,0,0.0,0.0,1.0,0,0,0,0,0,0,0.0,0.0,0.0,0.0,21-25
Miles Robinson,United States,DF,29,FC Cincinnati,1,90,0,0,0,0,1,0,0.0,0.0,90.0,2,0,0,0,1,1,0.0,0.0,0.0,0.0,26-30
Ricardo Pepi,United States,FW,23,PSV,5,204,0,0,0,0,5,0,0.0,0.0,41.0,5,3,2,0,1,1,0.0,0.0,0.0,0.0,21-25
Sebastian Berhalter,United States,MF,25,Vancouver,5,187,1,1,1,0,3,1,0.33,1.0,37.0,5,6,0,11,3,0,0.4812,0.4812,0.4812,0.4812,21-25
Sergiño Dest,United States,MF,25,PSV,5,297,0,0,0,0,3,1,0.0,0.0,59.0,2,4,0,3,5,1,0.0,0.0,0.0,0.0,21-25
Tim Ream,United States,DF,38,Charlotte,4,360,0,0,0,0,0,0,0.0,0.0,90.0,0,2,0,0,6,1,0.0,0.0,0.0,0.0,36-40
Timothy Weah,United States,MF,26,Marseille,2,76,0,0,0,0,2,0,0.0,0.0,38.0,2,0,2,0,0,0,0.0,0.0,0.0,0.0,26-30
Tyler Adams,United States,MF,27,Bournemouth,4,341,0,0,1,0,0,0,0.0,0.0,85.0,5,6,0,0,8,5,0.0,0.0,0.264,0.264,26-30
Weston McKennie,United States,MF,27,Juventus,5,443,0,0,1,0,5,1,0.0,0.0,89.0,8,2,0,11,7,7,0.0,0.0,0.2031,0.2031,26-30
Agustín Canobbio,Uruguay,FW,27,Fluminense,3,224,1,0,0,1,4,1,0.25,1.0,75.0,7,5,1,8,2,3,0.4019,0.0,0.4019,1.205,26-30
Brian Rodríguez,Uruguay,FW,26,América,3,41,0,0,0,0,3,1,0.0,0.0,14.0,0,1,0,13,0,0,0.0,0.0,0.0,0.0,26-30
Darwin Núñez,Uruguay,FW,26,Al-Hilal,3,156,0,0,0,0,2,0,0.0,0.0,52.0,1,1,2,1,2,1,0.0,0.0,0.0,0.0,26-30
Federico Valverde,Uruguay,MF,27,Real Madrid,3,236,0,0,0,0,10,2,0.0,0.0,79.0,1,0,0,11,3,2,0.0,0.0,0.0,0.0,26-30
Federico Viñas,Uruguay,FW,27,Oviedo,3,192,0,0,0,0,6,3,0.0,0.0,64.0,3,3,3,0,1,2,0.0,0.0,0.0,0.0,26-30
Fernando Muslera,Uruguay,GK,39,Galatasaray,3,225,0,0,0,0,0,0,0.0,0.0,75.0,0,0,0,0,0,0,0.0,0.0,0.0,0.0,36-40
Guillermo Varela,Uruguay,DF,33,Flamengo,3,270,0,0,1,0,2,0,0.0,0.0,90.0,1,1,0,9,7,1,0.0,0.0,0.3333,0.3333,31-35
Juan Manuel Sanabria,Uruguay,DF,26,Atlético San Luis,3,204,0,0,1,0,3,0,0.0,0.0,68.0,1,0,1,15,1,4,0.0,0.0,0.4412,0.4412,26-30
Manuel Ugarte,Uruguay,MF,25,Manchester Utd,3,184,0,0,0,0,3,1,0.0,0.0,61.0,1,0,0,0,3,1,0.0,0.0,0.0,0.0,21-25
Mathías Olivera,Uruguay,DF,28,Napoli,3,270,0,0,1,0,1,0,0.0,0.0,90.0,3,0,0,5,2,4,0.0,0.0,0.3333,0.3333,26-30
Matías Viña,Uruguay,DF,28,Flamengo,1,45,0,0,0,0,0,0,0.0,0.0,45.0,0,1,1,2,0,0,0.0,0.0,0.0,0.0,26-30
Maxi Araújo,Uruguay,FW,26,Sporting CP,3,250,2,1,0,0,4,3,0.5,0.6665,83.0,2,7,6,18,0,0,0.72,0.36,0.0,0.0,26-30
Nicolás De La Cruz,Uruguay,MF,29,Flamengo,3,86,0,0,1,0,4,2,0.0,0.0,29.0,2,3,0,5,2,1,0.0,0.0,1.047,1.047,26-30
Rodrigo Aguirre,Uruguay,FW,31,América,1,1,0,0,0,0,0,0,0.0,0.0,1.0,0,0,0,0,0,0,0.0,0.0,0.0,0.0,31-35
Rodrigo Bentancur,Uruguay,MF,28,Tottenham,3,270,0,0,1,0,4,0,0.0,0.0,90.0,7,5,0,4,7,5,0.0,0.0,0.3333,0.3333,26-30
Sebastián Cáceres,Uruguay,DF,26,América,3,270,0,0,0,0,3,0,0.0,0.0,90.0,2,2,0,1,2,1,0.0,0.0,0.0,0.0,26-30
Sergio Rochet,Uruguay,GK,33,Internacional,1,45,0,0,0,0,0,0,0.0,0.0,45.0,0,0,0,0,0,0,0.0,0.0,0.0,0.0,31-35
Abbosbek Fayzullayev,Uzbekistan,MF,22,Başakşehir,3,220,1,0,0,0,3,2,0.33,0.5,73.0,6,4,0,10,1,6,0.4092,0.0,0.0,0.0,21-25
Abdukodir Khusanov,Uzbekistan,DF,22,Manchester City,3,270,0,0,2,0,0,0,0.0,0.0,90.0,6,0,0,0,5,3,0.0,0.0,0.6665,0.6665,21-25
Abdulla Abdullaev,Uzbekistan,DF,28,Unattached,2,180,0,0,0,0,0,0,0.0,0.0,90.0,5,1,0,0,3,2,0.0,0.0,0.0,0.0,26-30
Abduvohid Nematov,Uzbekistan,GK,25,Unattached,2,180,0,0,0,0,0,0,0.0,0.0,90.0,0,0,0,0,0,0,0.0,0.0,0.0,0.0,21-25
Akmal Mozgovoy,Uzbekistan,MF,27,Unattached,3,216,0,1,0,0,1,0,0.0,0.0,72.0,0,3,0,0,2,0,0.0,0.4167,0.0,0.0,26-30
Aziz Gʻaniyev,Uzbekistan,MF,28,Unattached,2,122,0,0,0,0,1,0,0.0,0.0,61.0,2,1,0,6,0,6,0.0,0.0,0.0,0.0,26-30
Azizbek Amonov,Uzbekistan,FW,28,Unattached,1,14,0,0,0,0,1,0,0.0,0.0,14.0,0,0,0,1,0,0,0.0,0.0,0.0,0.0,26-30
Bekhruz Karimov,Uzbekistan,DF,18,Unattached,2,179,0,0,0,0,2,0,0.0,0.0,90.0,8,4,0,2,3,5,0.0,0.0,0.0,0.0,16-20
Dostonbek Khamdamov,Uzbekistan,MF,29,Unattached,2,103,0,0,0,0,2,0,0.0,0.0,52.0,1,0,1,5,2,4,0.0,0.0,0.0,0.0,26-30
Eldor Shomurodov,Uzbekistan,FW,30,Başakşehir,3,269,1,0,0,0,4,2,0.25,0.5,90.0,8,4,1,1,0,4,0.3345,0.0,0.0,0.0,26-30
Farrukh Sayfiev,Uzbekistan,DF,35,Unattached,1,45,0,0,0,0,0,0,0.0,0.0,45.0,0,2,0,2,0,0,0.0,0.0,0.0,0.0,31-35
Igor Sergeev,Uzbekistan,FW,33,Persepolis,3,28,0,0,0,0,0,0,0.0,0.0,9.0,0,0,1,0,0,0,0.0,0.0,0.0,0.0,31-35
Jakhongir Urozov,Uzbekistan,DF,22,Unattached,2,95,0,0,0,0,0,0,0.0,0.0,48.0,0,0,0,0,1,0,0.0,0.0,0.0,0.0,21-25
Jamshid Iskanderov,Uzbekistan,FW,32,Unattached,1,9,0,0,0,0,0,0,0.0,0.0,9.0,0,0,0,1,0,0,0.0,0.0,0.0,0.0,31-35
Khojiakbar Alijonov,Uzbekistan,MF,29,Unattached,2,135,0,0,0,0,0,0,0.0,0.0,68.0,2,1,0,5,5,2,0.0,0.0,0.0,0.0,26-30
Odiljon Hamrobekov,Uzbekistan,MF,30,Tractor,2,77,0,0,1,0,1,0,0.0,0.0,39.0,1,1,0,0,0,0,0.0,0.0,1.169,1.169,26-30
Oston Urunov,Uzbekistan,MF,25,Persepolis,2,63,0,0,0,0,0,0,0.0,0.0,32.0,0,0,0,0,1,0,0.0,0.0,0.0,0.0,21-25
Otabek Shukurov,Uzbekistan,MF,29,Unattached,3,237,0,0,0,0,2,0,0.0,0.0,79.0,2,5,0,1,0,2,0.0,0.0,0.0,0.0,26-30
Ruslanbek Jiyanov,Uzbekistan,FW,25,Unattached,1,1,0,0,0,0,0,0,0.0,0.0,1.0,0,0,0,0,0,1,0.0,0.0,0.0,0.0,21-25
Rustam Ashurmatov,Uzbekistan,DF,29,Esteghlal,3,256,0,0,0,0,0,0,0.0,0.0,85.0,1,0,0,0,7,2,0.0,0.0,0.0,0.0,26-30
Sherzod Esanov,Uzbekistan,MF,23,Unattached,1,1,0,0,0,0,0,0,0.0,0.0,1.0,0,0,0,0,1,0,0.0,0.0,0.0,0.0,21-25
Sherzod Nasrullaev,Uzbekistan,DF,27,Unattached,3,180,0,0,1,0,1,1,0.0,0.0,60.0,3,2,0,3,2,2,0.0,0.0,0.5,0.5,26-30
Utkir Yusupov,Uzbekistan,GK,35,Unattached,1,90,0,0,0,0,0,0,0.0,0.0,90.0,0,1,0,0,0,0,0.0,0.0,0.0,0.0,31-35
